txn_id,account_no,date,amount,txn_type,merchant,balance
TXN5000001,100020003001,2026-01-23 03:27:15,57968.24,CREDIT,Client NEFT Payment,253292.97
TXN5000002,100020003001,2026-01-29 20:07:04,22832.78,CREDIT,Cash Deposit - CDM,276125.75
TXN5000003,100020003001,2026-02-06 10:36:00,36385.46,CREDIT,Investment Dividend,312511.21
TXN5000004,100020003001,2026-02-14 11:14:43,10454.56,DEBIT,Electricity Bill Payment,302056.65
TXN5000005,100020003001,2026-02-22 03:12:25,60347.63,CREDIT,UPI Credit from Friend,362404.28
TXN5000006,100020003001,2026-03-01 11:35:04,14935.78,DEBIT,MakeMyTrip,347468.5
TXN5000007,100020003001,2026-03-08 07:15:53,17623.78,DEBIT,Flipkart,329844.72
TXN5000008,100020003001,2026-03-16 15:18:49,20736.47,DEBIT,Electricity Bill Payment,309108.25
TXN5000009,100020003001,2026-03-23 10:09:05,4196.98,DEBIT,ATM Cash Withdrawal,304911.27
TXN5000010,100020003001,2026-03-31 05:47:16,5214.5,DEBIT,Airtel Postpaid,299696.77
TXN5000011,100020003001,2026-04-07 17:01:54,33965.72,CREDIT,Salary Credit - ACME Corp,333662.49
TXN5000012,100020003001,2026-04-15 04:10:56,11474.28,DEBIT,Amazon India,322188.21
TXN5000013,100020003001,2026-04-22 18:42:39,7773.42,DEBIT,Amazon India,314414.79
TXN5000014,100020003001,2026-04-30 02:48:09,56189.53,CREDIT,Cash Deposit - CDM,370604.32
TXN5000015,100020003001,2026-05-07 07:03:09,17539.58,DEBIT,Electricity Bill Payment,353064.74
TXN5000016,100020003001,2026-05-15 17:09:31,6107.42,CREDIT,Investment Dividend,359172.16
TXN5000017,100020003001,2026-05-22 06:03:41,19247.4,DEBIT,MakeMyTrip,339924.76
TXN5000018,100020003001,2026-05-30 08:41:47,72319.91,CREDIT,FD Interest Credit,412244.67
TXN5000019,100020003001,2026-06-07 05:07:42,21753.55,DEBIT,Indian Oil Petrol Pump,390491.12
TXN5000020,100020003001,2026-06-14 02:18:55,16578.63,DEBIT,Electricity Bill Payment,373912.49
TXN5000021,100020003001,2026-06-21 08:29:29,9778.85,CREDIT,Cash Deposit - CDM,383691.34
TXN5000022,100020003001,2026-06-29 02:43:59,24470.24,DEBIT,ATM Cash Withdrawal,359221.1
TXN5000023,100020003001,2026-07-06 05:22:59,7529.24,DEBIT,BookMyShow,351691.86
TXN5000024,100020003001,2026-07-14 10:33:29,9543.98,DEBIT,Zomato,342147.88
TXN5000025,100020003002,2026-01-22 16:21:17,3365.64,DEBIT,Uber Rides,40199.78
TXN5000026,100020003002,2026-02-03 23:40:17,10649.9,DEBIT,Airtel Postpaid,29549.88
TXN5000027,100020003002,2026-02-15 23:41:06,2157.79,CREDIT,UPI Credit from Friend,31707.67
TXN5000028,100020003002,2026-02-27 06:54:53,5717.6,DEBIT,BookMyShow,25990.07
TXN5000029,100020003002,2026-03-11 22:10:43,7724.63,DEBIT,Indian Oil Petrol Pump,18265.44
TXN5000030,100020003002,2026-03-23 15:50:05,5536.24,DEBIT,MakeMyTrip,12729.2
TXN5000031,100020003002,2026-04-04 06:39:16,1543.91,DEBIT,ATM Cash Withdrawal,11185.29
TXN5000032,100020003002,2026-04-17 03:17:36,2625.94,DEBIT,MakeMyTrip,8559.35
TXN5000033,100020003002,2026-04-28 21:26:26,1102.99,DEBIT,Swiggy,7456.36
TXN5000034,100020003002,2026-05-11 04:57:23,1292.11,DEBIT,D-Mart,6164.25
TXN5000035,100020003002,2026-05-22 06:45:46,66098.83,CREDIT,UPI Credit from Friend,72263.08
TXN5000036,100020003002,2026-06-03 20:19:25,12440.96,DEBIT,Reliance Fresh,59822.12
TXN5000037,100020003002,2026-06-16 03:53:52,18824.82,DEBIT,Reliance Fresh,40997.3
TXN5000038,100020003002,2026-06-27 22:00:40,4987.86,DEBIT,Swiggy,36009.44
TXN5000039,100020003002,2026-07-09 23:24:21,12248.78,DEBIT,D-Mart,23760.66
TXN5000040,100020003003,2026-01-23 00:38:18,42616.56,CREDIT,Investment Dividend,166603.68
TXN5000041,100020003003,2026-02-06 18:40:29,6147.18,DEBIT,Zomato,160456.5
TXN5000042,100020003003,2026-02-21 13:13:34,11299.69,DEBIT,Reliance Fresh,149156.81
TXN5000043,100020003003,2026-03-08 07:31:08,15095.64,CREDIT,FD Interest Credit,164252.45
TXN5000044,100020003003,2026-03-23 14:21:06,1084.73,DEBIT,Flipkart,163167.72
TXN5000045,100020003003,2026-04-07 09:48:56,54598.59,CREDIT,Cash Deposit - CDM,217766.31
TXN5000046,100020003003,2026-04-22 10:30:29,22685.12,DEBIT,D-Mart,195081.19
TXN5000047,100020003003,2026-05-08 04:16:05,23435.28,DEBIT,Uber Rides,171645.91
TXN5000048,100020003003,2026-05-22 08:06:55,36440.14,CREDIT,UPI Credit from Friend,208086.05
TXN5000049,100020003003,2026-06-06 21:59:41,30350.77,CREDIT,UPI Credit from Friend,238436.82
TXN5000050,100020003003,2026-06-21 18:32:59,29168.97,CREDIT,Cash Deposit - CDM,267605.79
TXN5000051,100020003003,2026-07-06 20:52:08,9055.15,DEBIT,HP Fuel Station,258550.64
TXN5000052,100020003004,2026-01-22 07:39:59,35742.29,CREDIT,FD Interest Credit,163137.55
TXN5000053,100020003004,2026-01-31 07:36:26,10406.86,DEBIT,Airtel Postpaid,152730.69
TXN5000054,100020003004,2026-02-08 10:45:54,2200.27,CREDIT,Cash Deposit - CDM,154930.96
TXN5000055,100020003004,2026-02-16 16:49:29,10497.69,DEBIT,Swiggy,123033.27
TXN5000056,100020003004,2026-02-24 03:27:46,14287.76,DEBIT,Zomato,130145.51
TXN5000057,100020003004,2026-03-04 15:06:04,17152.68,DEBIT,D-Mart,112992.83
TXN5000058,100020003004,2026-03-13 01:48:08,18116.59,DEBIT,Uber Rides,94876.24
TXN5000059,100020003004,2026-03-20 23:37:10,19894.89,DEBIT,Swiggy,74981.35
TXN5000060,100020003004,2026-03-28 19:34:04,4682.79,DEBIT,Electricity Bill Payment,70298.56
TXN5000061,100020003004,2026-04-06 20:20:25,39771.89,CREDIT,Salary Credit - ACME Corp,110070.45
TXN5000062,100020003004,2026-04-14 23:37:14,19132.04,DEBIT,Indian Oil Petrol Pump,90938.41
TXN5000063,100020003004,2026-04-22 08:35:58,1792.4,DEBIT,Swiggy,89146.01
TXN5000064,100020003004,2026-04-30 09:52:58,9392.7,DEBIT,Airtel Postpaid,79753.31
TXN5000065,100020003004,2026-05-09 05:19:57,68543.61,CREDIT,Client NEFT Payment,148296.92
TXN5000066,100020003004,2026-05-17 06:05:57,13835.92,DEBIT,Amazon India,134461.0
TXN5000067,100020003004,2026-05-24 23:09:20,40644.62,CREDIT,FD Interest Credit,175105.62
TXN5000068,100020003004,2026-06-02 03:31:46,50878.44,CREDIT,UPI Credit from Friend,225984.06
TXN5000069,100020003004,2026-06-10 10:03:00,3807.55,DEBIT,Zomato,222176.51
TXN5000070,100020003004,2026-06-19 02:43:12,8925.58,DEBIT,MakeMyTrip,213250.93
TXN5000071,100020003004,2026-06-27 01:44:04,10210.08,DEBIT,Airtel Postpaid,203040.85
TXN5000072,100020003004,2026-07-05 02:24:34,7569.37,DEBIT,ATM Cash Withdrawal,195471.48
TXN5000073,100020003004,2026-07-13 21:17:06,21469.66,DEBIT,MakeMyTrip,174001.82
TXN5000074,100020003005,2026-01-22 07:32:37,13862.27,DEBIT,Amazon India,157301.11
TXN5000075,100020003005,2026-02-11 20:34:54,7118.77,CREDIT,Investment Dividend,164419.88
TXN5000076,100020003005,2026-03-03 20:46:39,24435.5,DEBIT,Flipkart,139984.38
TXN5000077,100020003005,2026-03-24 02:46:29,18002.72,CREDIT,Client NEFT Payment,157987.1
TXN5000078,100020003005,2026-04-13 02:36:04,1259.39,DEBIT,Flipkart,156727.71
TXN5000079,100020003005,2026-05-02 21:43:34,13621.46,DEBIT,BookMyShow,143106.25
TXN5000080,100020003005,2026-05-22 06:05:22,24271.87,CREDIT,UPI Credit from Friend,167378.12
TXN5000081,100020003005,2026-06-11 19:23:19,53740.64,CREDIT,Investment Dividend,221118.76
TXN5000082,100020003005,2026-07-02 03:35:34,14142.56,DEBIT,Airtel Postpaid,206976.2
TXN5000083,100020003007,2026-01-22 21:32:55,9657.77,DEBIT,Uber Rides,464371.17
TXN5000084,100020003007,2026-01-31 08:39:31,54588.1,CREDIT,Cash Deposit - CDM,518959.27
TXN5000085,100020003007,2026-02-09 23:11:26,2532.38,DEBIT,Zomato,516426.89
TXN5000086,100020003007,2026-02-19 01:25:40,19248.24,DEBIT,Airtel Postpaid,497178.65
TXN5000087,100020003007,2026-02-27 14:49:14,3192.3,CREDIT,FD Interest Credit,500370.95
TXN5000088,100020003007,2026-03-09 00:06:18,5780.65,DEBIT,Electricity Bill Payment,494590.3
TXN5000089,100020003007,2026-03-18 03:53:14,17024.4,DEBIT,BookMyShow,477565.9
TXN5000090,100020003007,2026-03-26 14:25:17,22858.08,CREDIT,UPI Credit from Friend,500423.98
TXN5000091,100020003007,2026-04-04 22:24:52,3940.1,DEBIT,Uber Rides,496483.88
TXN5000092,100020003007,2026-04-14 00:06:47,9801.59,DEBIT,Reliance Fresh,486682.29
TXN5000093,100020003007,2026-04-22 07:51:25,7775.86,DEBIT,Reliance Fresh,478906.43
TXN5000094,100020003007,2026-05-01 23:34:19,2273.7,DEBIT,Indian Oil Petrol Pump,476632.73
TXN5000095,100020003007,2026-05-10 16:04:19,10260.3,DEBIT,Amazon India,466372.43
TXN5000096,100020003007,2026-05-19 07:27:02,14963.42,DEBIT,MakeMyTrip,451409.01
TXN5000097,100020003007,2026-05-28 13:05:10,7367.0,DEBIT,Indian Oil Petrol Pump,444042.01
TXN5000098,100020003007,2026-06-06 23:59:59,42405.7,CREDIT,UPI Credit from Friend,486447.71
TXN5000099,100020003007,2026-06-15 19:01:36,9580.23,DEBIT,Swiggy,476867.48
TXN5000100,100020003007,2026-06-24 11:45:14,3733.78,DEBIT,Swiggy,473133.7
TXN5000101,100020003007,2026-07-03 15:43:55,12157.36,DEBIT,Flipkart,460976.34
TXN5000102,100020003007,2026-07-12 13:58:00,54346.56,CREDIT,Investment Dividend,515322.9
TXN5000103,100020003008,2026-01-22 16:17:18,117.98,DEBIT,Indian Oil Petrol Pump,6775.85
TXN5000104,100020003008,2026-02-04 09:50:40,2198.91,DEBIT,Reliance Fresh,4576.94
TXN5000105,100020003008,2026-02-17 09:00:29,1525.36,DEBIT,BookMyShow,3051.58
TXN5000106,100020003008,2026-03-02 18:23:43,459.35,DEBIT,Uber Rides,2592.23
TXN5000107,100020003008,2026-03-14 20:24:21,1003.7,DEBIT,Reliance Fresh,1588.53
TXN5000108,100020003008,2026-03-27 19:09:06,362.89,DEBIT,Airtel Postpaid,1225.64
TXN5000109,100020003008,2026-04-10 03:29:44,209.39,DEBIT,MakeMyTrip,1016.25
TXN5000110,100020003008,2026-04-22 14:43:49,272.82,DEBIT,Airtel Postpaid,743.43
TXN5000111,100020003008,2026-05-06 01:48:20,251.51,DEBIT,Amazon India,500.0
TXN5000112,100020003008,2026-05-18 21:18:53,170.84,DEBIT,HP Fuel Station,500.0
TXN5000113,100020003008,2026-05-31 14:09:30,6117.74,CREDIT,Investment Dividend,6617.74
TXN5000114,100020003008,2026-06-13 07:44:13,871.34,DEBIT,D-Mart,5746.4
TXN5000115,100020003008,2026-06-26 03:57:53,59391.68,CREDIT,Salary Credit - ACME Corp,65138.08
TXN5000116,100020003008,2026-07-08 19:30:21,14597.88,DEBIT,Electricity Bill Payment,50540.2
TXN5000117,100020003009,2026-01-23 03:27:49,31954.25,CREDIT,Salary Credit - ACME Corp,118317.46
TXN5000118,100020003009,2026-01-30 12:16:37,22397.99,DEBIT,Electricity Bill Payment,95919.47
TXN5000119,100020003009,2026-02-06 19:33:05,9093.34,CREDIT,UPI Credit from Friend,105012.81
TXN5000120,100020003009,2026-02-14 09:04:56,16210.3,DEBIT,Amazon India,88802.51
TXN5000121,100020003009,2026-02-21 18:49:01,16203.92,DEBIT,MakeMyTrip,72598.59
TXN5000122,100020003009,2026-03-01 01:15:29,8839.9,CREDIT,Salary Credit - ACME Corp,81438.49
TXN5000123,100020003009,2026-03-08 11:30:34,13018.06,DEBIT,Airtel Postpaid,68420.43
TXN5000124,100020003009,2026-03-16 09:48:13,9415.58,DEBIT,HP Fuel Station,59004.85
TXN5000125,100020003009,2026-03-23 23:50:09,11861.92,DEBIT,Reliance Fresh,47142.93
TXN5000126,100020003009,2026-03-31 17:14:40,5641.47,DEBIT,Flipkart,41501.46
TXN5000127,100020003009,2026-04-07 08:05:07,11483.96,CREDIT,FD Interest Credit,52985.42
TXN5000128,100020003009,2026-04-15 01:32:00,39562.5,CREDIT,FD Interest Credit,92547.92
TXN5000129,100020003009,2026-04-22 16:43:39,17449.41,DEBIT,Reliance Fresh,75098.51
TXN5000130,100020003009,2026-04-29 18:54:43,17798.4,DEBIT,Amazon India,57300.11
TXN5000131,100020003009,2026-05-08 01:40:48,15552.35,DEBIT,Swiggy,41747.76
TXN5000132,100020003009,2026-05-15 15:37:04,39183.55,CREDIT,Cash Deposit - CDM,80931.31
TXN5000133,100020003009,2026-05-22 09:08:35,23965.72,DEBIT,Zomato,56965.59
TXN5000134,100020003009,2026-05-30 12:26:45,4328.42,DEBIT,BookMyShow,52637.17
TXN5000135,100020003009,2026-06-06 15:40:15,12968.53,DEBIT,Zomato,39668.64
TXN5000136,100020003009,2026-06-14 04:05:22,170.17,DEBIT,Zomato,39498.47
TXN5000137,100020003009,2026-06-21 10:14:19,60846.0,CREDIT,Salary Credit - ACME Corp,100344.47
TXN5000138,100020003009,2026-06-29 07:09:22,40729.79,CREDIT,FD Interest Credit,141074.26
TXN5000139,100020003009,2026-07-06 13:07:24,6632.6,DEBIT,ATM Cash Withdrawal,134441.66
TXN5000140,100020003009,2026-07-14 05:02:50,24191.9,CREDIT,Investment Dividend,158633.56
TXN5000141,100020003010,2026-01-22 19:23:16,21153.39,DEBIT,Airtel Postpaid,81129.05
TXN5000142,100020003010,2026-01-31 09:26:25,20035.27,DEBIT,Airtel Postpaid,61093.78
TXN5000143,100020003010,2026-02-09 19:27:50,7722.16,DEBIT,Zomato,53371.62
TXN5000144,100020003010,2026-02-18 12:37:44,14834.59,DEBIT,Electricity Bill Payment,38537.03
TXN5000145,100020003010,2026-02-27 14:37:22,8903.05,DEBIT,Indian Oil Petrol Pump,29633.98
TXN5000146,100020003010,2026-03-08 09:45:28,8250.33,DEBIT,BookMyShow,21383.65
TXN5000147,100020003010,2026-03-18 03:38:11,1510.59,DEBIT,D-Mart,19873.06
TXN5000148,100020003010,2026-03-26 08:40:01,3640.01,DEBIT,Amazon India,16233.05
TXN5000149,100020003010,2026-04-05 02:04:20,36861.06,CREDIT,UPI Credit from Friend,53094.11
TXN5000150,100020003010,2026-04-14 00:51:54,38402.41,CREDIT,Investment Dividend,91496.52
TXN5000151,100020003010,2026-04-22 15:07:08,17782.55,DEBIT,HP Fuel Station,73713.97
TXN5000152,100020003010,2026-05-01 17:01:43,868.43,DEBIT,MakeMyTrip,72845.54
TXN5000153,100020003010,2026-05-10 10:35:33,5698.6,DEBIT,D-Mart,67146.94
TXN5000154,100020003010,2026-05-19 09:20:12,18588.7,DEBIT,MakeMyTrip,48558.24
TXN5000155,100020003010,2026-05-28 17:11:14,11166.72,DEBIT,D-Mart,37391.52
TXN5000156,100020003010,2026-06-06 23:54:09,28147.77,CREDIT,Salary Credit - ACME Corp,65539.29
TXN5000157,100020003010,2026-06-15 23:32:23,5541.69,DEBIT,Indian Oil Petrol Pump,59997.6
TXN5000158,100020003010,2026-06-24 07:45:28,56599.57,CREDIT,FD Interest Credit,116597.17
TXN5000159,100020003010,2026-07-04 02:17:43,6644.1,DEBIT,ATM Cash Withdrawal,109953.07
TXN5000160,100020003010,2026-07-13 00:54:04,24849.55,DEBIT,MakeMyTrip,85103.52
TXN5000161,100020003011,2026-01-22 10:20:12,51995.89,CREDIT,Client NEFT Payment,921000.4
TXN5000162,100020003011,2026-02-03 19:56:46,15442.16,DEBIT,MakeMyTrip,905558.24
TXN5000163,100020003011,2026-02-15 10:15:31,1578.01,DEBIT,Reliance Fresh,903980.23
TXN5000164,100020003011,2026-02-27 18:04:28,4292.6,DEBIT,Uber Rides,899687.63
TXN5000165,100020003011,2026-03-11 12:19:23,23814.69,DEBIT,Electricity Bill Payment,875872.94
TXN5000166,100020003011,2026-03-24 04:57:05,2471.11,DEBIT,MakeMyTrip,873401.83
TXN5000167,100020003011,2026-04-05 00:09:23,74443.98,CREDIT,Client NEFT Payment,947845.81
TXN5000168,100020003011,2026-04-16 08:20:42,19476.12,CREDIT,Client NEFT Payment,967321.93
TXN5000169,100020003011,2026-04-28 13:01:48,21104.54,DEBIT,Indian Oil Petrol Pump,946217.39
TXN5000170,100020003011,2026-05-10 17:02:48,6791.06,DEBIT,Indian Oil Petrol Pump,939426.33
TXN5000171,100020003011,2026-05-22 14:18:14,19885.51,DEBIT,MakeMyTrip,919540.82
TXN5000172,100020003011,2026-06-03 07:32:02,7027.82,DEBIT,Reliance Fresh,912513.0
TXN5000173,100020003011,2026-06-15 16:12:45,14590.69,DEBIT,ATM Cash Withdrawal,897922.31
TXN5000174,100020003011,2026-06-27 23:52:44,55088.96,CREDIT,Investment Dividend,953011.27
TXN5000175,100020003011,2026-07-09 20:32:09,21267.65,DEBIT,MakeMyTrip,931743.62
TXN5000176,100020003012,2026-01-22 14:50:42,62038.73,CREDIT,Investment Dividend,221453.43
TXN5000177,100020003012,2026-01-29 16:32:41,25993.88,CREDIT,Cash Deposit - CDM,247447.31
TXN5000178,100020003012,2026-02-05 18:02:02,59334.47,CREDIT,Client NEFT Payment,306781.78
TXN5000179,100020003012,2026-02-13 13:59:38,15691.87,DEBIT,ATM Cash Withdrawal,291089.91
TXN5000180,100020003012,2026-02-20 11:31:47,21455.52,DEBIT,HP Fuel Station,269634.39
TXN5000181,100020003012,2026-02-27 16:15:22,32657.15,CREDIT,Client NEFT Payment,302291.54
TXN5000182,100020003012,2026-03-07 07:55:32,23338.05,CREDIT,FD Interest Credit,325629.59
TXN5000183,100020003012,2026-03-13 17:08:24,2152.27,DEBIT,BookMyShow,323477.32
TXN5000184,100020003012,2026-03-21 17:23:27,9968.91,DEBIT,D-Mart,313508.41
TXN5000185,100020003012,2026-03-28 17:55:24,32763.09,CREDIT,Salary Credit - ACME Corp,346271.5
TXN5000186,100020003012,2026-04-04 22:11:18,11972.49,DEBIT,Swiggy,334299.01
TXN5000187,100020003012,2026-04-12 00:20:53,11182.17,DEBIT,Amazon India,323116.84
TXN5000188,100020003012,2026-04-19 07:35:39,74123.46,CREDIT,Investment Dividend,397240.3
TXN5000189,100020003012,2026-04-26 12:21:23,5800.78,DEBIT,Flipkart,391439.52
TXN5000190,100020003012,2026-05-03 18:02:17,7902.45,DEBIT,D-Mart,383537.07
TXN5000191,100020003012,2026-05-10 08:35:27,56733.68,CREDIT,UPI Credit from Friend,440270.75
TXN5000192,100020003012,2026-05-18 01:29:51,1803.45,DEBIT,Airtel Postpaid,438467.3
TXN5000193,100020003012,2026-05-24 15:06:11,11058.48,DEBIT,Uber Rides,427408.82
TXN5000194,100020003012,2026-06-01 00:48:47,69072.17,CREDIT,Cash Deposit - CDM,496480.99
TXN5000195,100020003012,2026-06-08 16:58:38,7414.91,CREDIT,Salary Credit - ACME Corp,503895.9
TXN5000196,100020003012,2026-06-15 08:39:36,18277.23,DEBIT,Reliance Fresh,485618.67
TXN5000197,100020003012,2026-06-23 09:13:04,3581.77,DEBIT,D-Mart,482036.9
TXN5000198,100020003012,2026-06-30 06:22:14,15064.88,DEBIT,Uber Rides,466972.02
TXN5000199,100020003012,2026-07-07 10:16:55,52095.23,CREDIT,Client NEFT Payment,519067.25
TXN5000200,100020003012,2026-07-14 21:31:10,15212.48,DEBIT,Zomato,503854.77
TXN5000201,100020003013,2026-01-22 12:23:34,22458.02,DEBIT,Zomato,111265.37
TXN5000202,100020003013,2026-01-31 17:10:37,12539.61,DEBIT,Airtel Postpaid,98725.76
TXN5000203,100020003013,2026-02-09 07:00:14,1892.96,CREDIT,FD Interest Credit,100618.72
TXN5000204,100020003013,2026-02-19 03:42:50,21534.27,DEBIT,Airtel Postpaid,79084.45
TXN5000205,100020003013,2026-02-27 15:24:02,4401.98,DEBIT,HP Fuel Station,74682.47
TXN5000206,100020003013,2026-03-09 04:12:24,2235.02,CREDIT,Salary Credit - ACME Corp,76917.49
TXN5000207,100020003013,2026-03-17 05:37:51,23072.22,DEBIT,MakeMyTrip,53845.27
TXN5000208,100020003013,2026-03-26 14:51:04,15377.42,DEBIT,MakeMyTrip,38467.85
TXN5000209,100020003013,2026-04-04 15:16:12,7099.66,CREDIT,Cash Deposit - CDM,45567.51
TXN5000210,100020003013,2026-04-13 18:12:12,1615.36,DEBIT,Flipkart,43952.15
TXN5000211,100020003013,2026-04-22 17:34:16,14225.59,DEBIT,Electricity Bill Payment,29726.56
TXN5000212,100020003013,2026-05-01 13:08:30,9098.89,DEBIT,BookMyShow,20627.67
TXN5000213,100020003013,2026-05-10 21:38:42,5794.95,DEBIT,Uber Rides,14832.72
TXN5000214,100020003013,2026-05-20 04:10:55,1526.07,DEBIT,Indian Oil Petrol Pump,13306.65
TXN5000215,100020003013,2026-05-28 08:05:00,387.4,DEBIT,BookMyShow,12919.25
TXN5000216,100020003013,2026-06-06 23:06:01,9838.78,CREDIT,Client NEFT Payment,22758.03
TXN5000217,100020003013,2026-06-15 08:35:34,4569.31,DEBIT,Reliance Fresh,18188.72
TXN5000218,100020003013,2026-06-24 17:51:07,54336.65,CREDIT,UPI Credit from Friend,72525.37
TXN5000219,100020003013,2026-07-03 14:13:28,65636.04,CREDIT,Client NEFT Payment,138161.41
TXN5000220,100020003013,2026-07-13 02:34:25,3172.36,CREDIT,Investment Dividend,141333.77
TXN5000221,100020003014,2026-01-22 17:52:20,24378.76,DEBIT,BookMyShow,401599.6
TXN5000222,100020003014,2026-02-02 13:08:58,9067.08,DEBIT,HP Fuel Station,392532.52
TXN5000223,100020003014,2026-02-14 13:55:28,4017.02,DEBIT,MakeMyTrip,388515.5
TXN5000224,100020003014,2026-02-25 01:46:10,18097.18,DEBIT,Zomato,370418.32
TXN5000225,100020003014,2026-03-08 23:04:42,21481.36,DEBIT,Amazon India,348936.96
TXN5000226,100020003014,2026-03-19 17:10:08,9636.19,DEBIT,Swiggy,339300.77
TXN5000227,100020003014,2026-03-30 21:35:41,3616.9,CREDIT,Client NEFT Payment,342917.67
TXN5000228,100020003014,2026-04-11 17:04:32,8112.87,DEBIT,Indian Oil Petrol Pump,334804.8
TXN5000229,100020003014,2026-04-23 03:16:49,20667.33,DEBIT,Airtel Postpaid,314137.47
TXN5000230,100020003014,2026-05-03 20:14:50,22558.33,DEBIT,Swiggy,291579.14
TXN5000231,100020003014,2026-05-14 22:39:22,1243.62,DEBIT,Indian Oil Petrol Pump,290335.52
TXN5000232,100020003014,2026-05-26 00:57:14,7129.44,DEBIT,ATM Cash Withdrawal,283206.08
TXN5000233,100020003014,2026-06-06 12:45:23,11472.98,DEBIT,Reliance Fresh,271733.1
TXN5000234,100020003014,2026-06-17 16:06:57,7667.34,DEBIT,Airtel Postpaid,264065.76
TXN5000235,100020003014,2026-06-28 23:07:18,24299.26,DEBIT,MakeMyTrip,239766.5
TXN5000236,100020003014,2026-07-10 17:55:16,41445.38,CREDIT,UPI Credit from Friend,281211.88
TXN5000237,100020003015,2026-01-22 05:27:10,2286.73,DEBIT,Reliance Fresh,21426.22
TXN5000238,100020003015,2026-02-06 20:33:44,181.27,DEBIT,Reliance Fresh,21244.95
TXN5000239,100020003015,2026-02-21 05:20:05,7229.94,DEBIT,Uber Rides,14015.01
TXN5000240,100020003015,2026-03-08 12:40:48,5513.04,DEBIT,Indian Oil Petrol Pump,8501.97
TXN5000241,100020003015,2026-03-23 17:06:30,3390.75,DEBIT,Uber Rides,5111.22
TXN5000242,100020003015,2026-04-07 12:00:56,550.1,DEBIT,ATM Cash Withdrawal,4561.12
TXN5000243,100020003015,2026-04-22 17:46:26,28564.41,CREDIT,Client NEFT Payment,33125.53
TXN5000244,100020003015,2026-05-07 07:20:15,1855.74,DEBIT,ATM Cash Withdrawal,31269.79
TXN5000245,100020003015,2026-05-22 14:45:51,872.8,DEBIT,BookMyShow,30396.99
TXN5000246,100020003015,2026-06-07 04:26:27,3247.24,DEBIT,Reliance Fresh,27149.75
TXN5000247,100020003015,2026-06-22 03:31:29,9051.16,DEBIT,Reliance Fresh,18098.59
TXN5000248,100020003015,2026-07-06 12:55:59,633.23,DEBIT,Zomato,17465.36
TXN5000249,100020003017,2026-01-23 00:01:06,3969.72,DEBIT,Swiggy,90591.28
TXN5000250,100020003017,2026-02-06 16:05:22,3106.34,DEBIT,Reliance Fresh,87484.94
TXN5000251,100020003017,2026-02-22 04:27:03,7776.86,DEBIT,D-Mart,79708.08
TXN5000252,100020003017,2026-03-09 01:45:33,20209.16,DEBIT,D-Mart,59498.92
TXN5000253,100020003017,2026-03-24 01:07:59,1055.8,DEBIT,ATM Cash Withdrawal,58443.12
TXN5000254,100020003017,2026-04-08 01:51:27,16653.79,DEBIT,Reliance Fresh,41789.33
TXN5000255,100020003017,2026-04-22 14:48:34,5065.46,DEBIT,ATM Cash Withdrawal,36723.87
TXN5000256,100020003017,2026-05-08 05:04:33,5999.9,DEBIT,HP Fuel Station,30723.97
TXN5000257,100020003017,2026-05-22 18:38:33,1254.66,DEBIT,Flipkart,29469.31
TXN5000258,100020003017,2026-06-07 00:35:36,239.75,DEBIT,ATM Cash Withdrawal,29229.56
TXN5000259,100020003017,2026-06-22 00:02:34,2396.72,DEBIT,Indian Oil Petrol Pump,26832.84
TXN5000260,100020003017,2026-07-06 14:14:00,6955.02,DEBIT,Airtel Postpaid,19877.82
TXN5000261,100020003018,2026-01-23 03:19:05,24929.32,DEBIT,Zomato,166323.43
TXN5000262,100020003018,2026-02-03 08:57:35,3306.91,DEBIT,ATM Cash Withdrawal,163016.52
TXN5000263,100020003018,2026-02-14 13:12:15,1163.14,DEBIT,HP Fuel Station,161853.38
TXN5000264,100020003018,2026-02-25 00:30:54,33053.57,CREDIT,Client NEFT Payment,194906.95
TXN5000265,100020003018,2026-03-08 14:46:47,17112.0,DEBIT,Swiggy,177794.95
TXN5000266,100020003018,2026-03-19 19:47:40,21348.65,CREDIT,Investment Dividend,199143.6
TXN5000267,100020003018,2026-03-31 14:30:07,15517.5,DEBIT,Zomato,183626.1
TXN5000268,100020003018,2026-04-11 14:50:04,22081.19,DEBIT,HP Fuel Station,161544.91
TXN5000269,100020003018,2026-04-22 06:45:48,3517.18,DEBIT,Zomato,158027.73
TXN5000270,100020003018,2026-05-04 02:43:24,19436.93,CREDIT,Cash Deposit - CDM,177464.66
TXN5000271,100020003018,2026-05-15 12:22:34,58861.77,CREDIT,FD Interest Credit,236326.43
TXN5000272,100020003018,2026-05-26 10:48:44,26458.52,CREDIT,Cash Deposit - CDM,262784.95
TXN5000273,100020003018,2026-06-06 17:21:26,4577.42,DEBIT,Reliance Fresh,258207.53
TXN5000274,100020003018,2026-06-18 01:37:50,20286.17,DEBIT,D-Mart,237921.36
TXN5000275,100020003018,2026-06-28 18:42:21,40177.99,CREDIT,Cash Deposit - CDM,278099.35
TXN5000276,100020003018,2026-07-10 23:17:25,8409.94,CREDIT,Client NEFT Payment,286509.29
TXN5000277,100020003019,2026-01-22 11:41:47,68877.2,CREDIT,Salary Credit - ACME Corp,835600.73
TXN5000278,100020003019,2026-02-03 23:38:13,43601.22,CREDIT,Investment Dividend,879201.95
TXN5000279,100020003019,2026-02-15 13:48:54,63546.35,CREDIT,UPI Credit from Friend,942748.3
TXN5000280,100020003019,2026-02-27 10:58:37,18478.82,DEBIT,Reliance Fresh,924269.48
TXN5000281,100020003019,2026-03-12 03:14:07,17543.96,DEBIT,Airtel Postpaid,906725.52
TXN5000282,100020003019,2026-03-23 18:49:35,4787.02,DEBIT,MakeMyTrip,901938.5
TXN5000283,100020003019,2026-04-05 02:27:31,7795.42,DEBIT,HP Fuel Station,894143.08
TXN5000284,100020003019,2026-04-16 06:12:39,15081.4,DEBIT,Amazon India,879061.68
TXN5000285,100020003019,2026-04-28 17:56:04,22955.62,DEBIT,Zomato,856106.06
TXN5000286,100020003019,2026-05-11 00:39:16,4518.75,DEBIT,MakeMyTrip,851587.31
TXN5000287,100020003019,2026-05-23 01:33:45,645.63,DEBIT,Airtel Postpaid,850941.68
TXN5000288,100020003019,2026-06-03 22:12:45,2861.92,DEBIT,Electricity Bill Payment,848079.76
TXN5000289,100020003019,2026-06-16 01:57:21,28645.72,CREDIT,Client NEFT Payment,876725.48
TXN5000290,100020003019,2026-06-27 14:47:38,7613.95,DEBIT,Swiggy,869111.53
TXN5000291,100020003019,2026-07-10 04:43:13,33328.26,CREDIT,Client NEFT Payment,902439.79
TXN5000292,100020003020,2026-01-22 20:52:48,16272.02,DEBIT,Uber Rides,25712.54
TXN5000293,100020003020,2026-01-30 22:28:34,3734.27,DEBIT,BookMyShow,21978.27
TXN5000294,100020003020,2026-02-07 11:05:12,2766.7,DEBIT,Uber Rides,19211.57
TXN5000295,100020003020,2026-02-14 23:50:47,113.64,DEBIT,Uber Rides,19097.93
TXN5000296,100020003020,2026-02-23 11:22:22,7596.07,DEBIT,Airtel Postpaid,11501.86
TXN5000297,100020003020,2026-03-02 09:12:26,4245.36,DEBIT,Airtel Postpaid,7256.5
TXN5000298,100020003020,2026-03-10 09:33:28,2725.16,DEBIT,Swiggy,4531.34
TXN5000299,100020003020,2026-03-18 08:01:49,693.92,DEBIT,Reliance Fresh,3837.42
TXN5000300,100020003020,2026-03-25 23:56:16,7565.72,CREDIT,Client NEFT Payment,11403.14
TXN5000301,100020003020,2026-04-03 07:48:54,25845.46,CREDIT,Salary Credit - ACME Corp,37248.6
TXN5000302,100020003020,2026-04-10 17:55:32,1103.32,DEBIT,D-Mart,36145.28
TXN5000303,100020003020,2026-04-19 02:16:31,4562.91,CREDIT,Investment Dividend,40708.19
TXN5000304,100020003020,2026-04-26 20:47:41,66456.85,CREDIT,Investment Dividend,107165.04
TXN5000305,100020003020,2026-05-04 20:12:05,9446.15,DEBIT,ATM Cash Withdrawal,97718.89
TXN5000306,100020003020,2026-05-12 06:22:22,49171.75,CREDIT,Client NEFT Payment,146890.64
TXN5000307,100020003020,2026-05-19 20:06:18,19999.94,DEBIT,Amazon India,126890.7
TXN5000308,100020003020,2026-05-27 17:35:42,23796.39,DEBIT,Flipkart,103094.31
TXN5000309,100020003020,2026-06-04 14:32:48,12906.93,CREDIT,Salary Credit - ACME Corp,116001.24
TXN5000310,100020003020,2026-06-12 15:17:54,7889.75,CREDIT,Cash Deposit - CDM,123890.99
TXN5000311,100020003020,2026-06-20 21:38:31,53133.34,CREDIT,Investment Dividend,177024.33
TXN5000312,100020003020,2026-06-28 16:26:24,22254.86,DEBIT,Swiggy,154769.47
TXN5000313,100020003020,2026-07-05 14:55:58,24362.52,DEBIT,Indian Oil Petrol Pump,130406.95
TXN5000314,100020003020,2026-07-14 02:12:23,55018.08,CREDIT,FD Interest Credit,185425.03
TXN5000315,100020003021,2026-01-22 12:26:14,9883.27,DEBIT,Electricity Bill Payment,140014.57
TXN5000316,100020003021,2026-02-02 15:34:26,9084.64,DEBIT,Indian Oil Petrol Pump,130929.93
TXN5000317,100020003021,2026-02-12 11:38:17,47256.73,CREDIT,Investment Dividend,178186.66
TXN5000318,100020003021,2026-02-23 04:26:41,4353.72,DEBIT,D-Mart,173832.94
TXN5000319,100020003021,2026-03-06 13:13:11,2976.17,DEBIT,MakeMyTrip,170856.77
TXN5000320,100020003021,2026-03-16 13:25:38,16559.9,DEBIT,Flipkart,154296.87
TXN5000321,100020003021,2026-03-27 09:24:37,9338.41,DEBIT,Indian Oil Petrol Pump,144958.46
TXN5000322,100020003021,2026-04-06 16:59:20,6656.07,DEBIT,HP Fuel Station,138302.39
TXN5000323,100020003021,2026-04-17 04:33:45,42754.25,CREDIT,UPI Credit from Friend,181056.64
TXN5000324,100020003021,2026-04-28 06:24:44,2234.11,DEBIT,Reliance Fresh,178822.53
TXN5000325,100020003021,2026-05-08 21:52:21,18935.78,DEBIT,Zomato,159886.75
TXN5000326,100020003021,2026-05-19 05:52:49,61561.99,CREDIT,Investment Dividend,221448.74
TXN5000327,100020003021,2026-05-30 05:53:12,23415.4,DEBIT,Airtel Postpaid,198033.34
TXN5000328,100020003021,2026-06-09 17:59:20,2065.98,DEBIT,ATM Cash Withdrawal,195967.36
TXN5000329,100020003021,2026-06-20 04:05:24,22521.33,DEBIT,MakeMyTrip,173446.03
TXN5000330,100020003021,2026-06-30 14:46:48,11911.13,CREDIT,Investment Dividend,185357.16
TXN5000331,100020003021,2026-07-10 19:19:52,72940.2,CREDIT,UPI Credit from Friend,258297.36
TXN5000332,100020003022,2026-01-22 06:19:26,17109.82,DEBIT,Zomato,68617.06
TXN5000333,100020003022,2026-02-07 05:14:03,20869.29,DEBIT,D-Mart,47747.77
TXN5000334,100020003022,2026-02-21 12:58:25,60743.43,CREDIT,Salary Credit - ACME Corp,108491.2
TXN5000335,100020003022,2026-03-08 14:36:51,8220.56,DEBIT,D-Mart,100270.64
TXN5000336,100020003022,2026-03-23 17:46:20,1914.92,CREDIT,Client NEFT Payment,102185.56
TXN5000337,100020003022,2026-04-07 20:15:11,10547.89,DEBIT,Indian Oil Petrol Pump,91637.67
TXN5000338,100020003022,2026-04-22 08:53:28,14608.66,DEBIT,Flipkart,77029.01
TXN5000339,100020003022,2026-05-08 03:29:53,2614.66,DEBIT,D-Mart,74414.35
TXN5000340,100020003022,2026-05-23 02:07:09,65964.12,CREDIT,FD Interest Credit,140378.47
TXN5000341,100020003022,2026-06-06 14:29:34,15263.16,DEBIT,Amazon India,125115.31
TXN5000342,100020003022,2026-06-21 09:25:57,15494.29,DEBIT,BookMyShow,109621.02
TXN5000343,100020003022,2026-07-06 21:56:51,22250.4,DEBIT,Reliance Fresh,87370.62
TXN5000344,100020003023,2026-01-22 06:28:58,6787.75,DEBIT,Reliance Fresh,111576.61
TXN5000345,100020003023,2026-02-03 05:47:07,23426.07,CREDIT,FD Interest Credit,135002.68
TXN5000346,100020003023,2026-02-16 01:31:41,51679.05,CREDIT,UPI Credit from Friend,186681.73
TXN5000347,100020003023,2026-02-27 08:31:30,33790.19,CREDIT,FD Interest Credit,220471.92
TXN5000348,100020003023,2026-03-11 11:45:57,16174.31,DEBIT,Zomato,204297.61
TXN5000349,100020003023,2026-03-23 15:54:03,31130.61,CREDIT,Investment Dividend,235428.22
TXN5000350,100020003023,2026-04-04 23:31:39,61755.29,CREDIT,Cash Deposit - CDM,297183.51
TXN5000351,100020003023,2026-04-17 00:17:44,17768.28,DEBIT,Indian Oil Petrol Pump,279415.23
TXN5000352,100020003023,2026-04-28 08:33:19,66070.61,CREDIT,Salary Credit - ACME Corp,345485.84
TXN5000353,100020003023,2026-05-10 09:28:10,15853.78,CREDIT,Salary Credit - ACME Corp,361339.62
TXN5000354,100020003023,2026-05-22 11:17:15,22958.97,DEBIT,Uber Rides,338380.65
TXN5000355,100020003023,2026-06-03 10:04:42,11659.04,DEBIT,Indian Oil Petrol Pump,326721.61
TXN5000356,100020003023,2026-06-15 20:32:58,861.02,DEBIT,Reliance Fresh,325860.59
TXN5000357,100020003023,2026-06-27 17:01:50,24016.96,DEBIT,HP Fuel Station,301843.63
TXN5000358,100020003023,2026-07-09 19:23:05,4171.49,DEBIT,D-Mart,297672.14
TXN5000359,100020003024,2026-01-22 12:08:29,4156.39,DEBIT,Airtel Postpaid,79617.67
TXN5000360,100020003024,2026-02-10 00:00:56,5611.64,DEBIT,Zomato,74006.03
TXN5000361,100020003024,2026-02-27 21:33:52,10296.73,DEBIT,Amazon India,63709.3
TXN5000362,100020003024,2026-03-18 02:03:03,51482.78,CREDIT,Investment Dividend,115192.08
TXN5000363,100020003024,2026-04-05 03:10:34,15068.43,DEBIT,Amazon India,100123.65
TXN5000364,100020003024,2026-04-22 10:40:13,23580.82,DEBIT,Uber Rides,76542.83
TXN5000365,100020003024,2026-05-11 04:30:30,10652.79,DEBIT,Indian Oil Petrol Pump,65890.04
TXN5000366,100020003024,2026-05-29 01:44:16,5533.41,DEBIT,D-Mart,60356.63
TXN5000367,100020003024,2026-06-15 21:33:09,30389.29,CREDIT,Salary Credit - ACME Corp,90745.92
TXN5000368,100020003024,2026-07-03 05:28:34,72519.92,CREDIT,FD Interest Credit,163265.84
TXN5000369,100020003025,2026-01-22 20:50:09,7532.05,DEBIT,Flipkart,472386.07
TXN5000370,100020003025,2026-01-29 21:39:41,6984.43,DEBIT,Reliance Fresh,465401.64
TXN5000371,100020003025,2026-02-06 11:34:32,17806.24,DEBIT,BookMyShow,447595.4
TXN5000372,100020003025,2026-02-13 02:52:15,19160.31,DEBIT,Amazon India,428435.09
TXN5000373,100020003025,2026-02-20 19:49:48,45402.46,CREDIT,Client NEFT Payment,473837.55
TXN5000374,100020003025,2026-02-27 12:58:11,733.84,DEBIT,HP Fuel Station,473103.71
TXN5000375,100020003025,2026-03-07 10:02:20,10522.29,DEBIT,Indian Oil Petrol Pump,462581.42
TXN5000376,100020003025,2026-03-14 08:34:53,24869.37,DEBIT,ATM Cash Withdrawal,437712.05
TXN5000377,100020003025,2026-03-21 00:15:28,17454.88,CREDIT,Cash Deposit - CDM,455166.93
TXN5000378,100020003025,2026-03-28 15:49:09,23522.63,DEBIT,Reliance Fresh,431644.3
TXN5000379,100020003025,2026-04-04 17:28:31,63207.26,CREDIT,Cash Deposit - CDM,494851.56
TXN5000380,100020003025,2026-04-11 14:26:49,3285.81,DEBIT,D-Mart,491565.75
TXN5000381,100020003025,2026-04-19 08:18:15,22824.36,DEBIT,BookMyShow,468741.39
TXN5000382,100020003025,2026-04-26 17:17:24,5634.11,DEBIT,Zomato,463107.28
TXN5000383,100020003025,2026-05-03 18:21:39,19723.45,DEBIT,Reliance Fresh,443383.83
TXN5000384,100020003025,2026-05-10 14:13:12,11647.64,DEBIT,Flipkart,431736.19
TXN5000385,100020003025,2026-05-17 21:23:33,44184.52,CREDIT,Cash Deposit - CDM,475920.71
TXN5000386,100020003025,2026-05-24 16:36:32,38035.33,CREDIT,Client NEFT Payment,513956.04
TXN5000387,100020003025,2026-06-01 04:51:35,1446.14,DEBIT,ATM Cash Withdrawal,512509.9
TXN5000388,100020003025,2026-06-08 04:07:06,26357.57,CREDIT,Cash Deposit - CDM,538867.47
TXN5000389,100020003025,2026-06-16 02:43:41,11598.59,CREDIT,Client NEFT Payment,550466.06
TXN5000390,100020003025,2026-06-22 14:25:42,8382.47,DEBIT,Swiggy,542083.59
TXN5000391,100020003025,2026-06-29 22:25:18,11356.13,DEBIT,Zomato,530727.46
TXN5000392,100020003025,2026-07-07 13:58:06,19135.65,DEBIT,HP Fuel Station,511591.81
TXN5000393,100020003025,2026-07-14 19:20:41,10576.04,CREDIT,Investment Dividend,522167.85
TXN5000394,100020003026,2026-01-22 14:58:52,29365.42,CREDIT,Salary Credit - ACME Corp,157979.93
TXN5000395,100020003026,2026-01-31 07:49:29,71305.08,CREDIT,FD Interest Credit,229285.01
TXN5000396,100020003026,2026-02-09 02:53:33,546.11,DEBIT,Amazon India,228738.9
TXN5000397,100020003026,2026-02-17 13:28:59,17368.77,DEBIT,Reliance Fresh,211370.13
TXN5000398,100020003026,2026-02-25 19:38:49,12633.08,DEBIT,D-Mart,198737.05
TXN5000399,100020003026,2026-03-06 05:52:47,23066.97,CREDIT,FD Interest Credit,221804.02
TXN5000400,100020003026,2026-03-15 02:31:40,13150.53,DEBIT,Indian Oil Petrol Pump,208653.49
TXN5000401,100020003026,2026-03-24 02:36:40,26362.23,CREDIT,Investment Dividend,235015.72
TXN5000402,100020003026,2026-04-01 03:38:10,23707.3,DEBIT,MakeMyTrip,211308.42
TXN5000403,100020003026,2026-04-09 18:24:35,18206.5,DEBIT,Swiggy,193101.92
TXN5000404,100020003026,2026-04-18 03:30:40,12665.38,DEBIT,Flipkart,180436.54
TXN5000405,100020003026,2026-04-26 20:57:18,1030.35,DEBIT,BookMyShow,179406.19
TXN5000406,100020003026,2026-05-05 08:00:36,1309.82,DEBIT,Amazon India,178096.37
TXN5000407,100020003026,2026-05-14 07:28:22,591.57,DEBIT,Uber Rides,177504.8
TXN5000408,100020003026,2026-05-22 08:04:43,3177.52,DEBIT,D-Mart,174327.28
TXN5000409,100020003026,2026-05-31 06:23:58,17410.28,DEBIT,BookMyShow,156917.0
TXN5000410,100020003026,2026-06-08 08:57:06,2614.4,DEBIT,Electricity Bill Payment,154302.6
TXN5000411,100020003026,2026-06-17 04:55:19,3515.37,DEBIT,ATM Cash Withdrawal,150787.23
TXN5000412,100020003026,2026-06-26 09:43:26,15480.68,DEBIT,D-Mart,135306.55
TXN5000413,100020003026,2026-07-04 04:36:27,5046.3,DEBIT,Zomato,130260.25
TXN5000414,100020003026,2026-07-13 10:15:23,73010.86,CREDIT,FD Interest Credit,203271.11
TXN5000415,100020003028,2026-01-22 12:23:17,12459.23,DEBIT,Zomato,189645.46
TXN5000416,100020003028,2026-01-31 11:31:51,5939.18,DEBIT,Amazon India,183706.28
TXN5000417,100020003028,2026-02-09 00:50:51,62807.18,CREDIT,Client NEFT Payment,246513.46
TXN5000418,100020003028,2026-02-17 10:18:04,58684.94,CREDIT,Salary Credit - ACME Corp,305198.4
TXN5000419,100020003028,2026-02-26 05:31:21,6471.71,DEBIT,Zomato,298726.69
TXN5000420,100020003028,2026-03-06 12:49:59,20545.25,CREDIT,Salary Credit - ACME Corp,319271.94
TXN5000421,100020003028,2026-03-14 17:58:51,1082.17,DEBIT,D-Mart,318189.77
TXN5000422,100020003028,2026-03-23 13:56:42,10707.28,DEBIT,Flipkart,307482.49
TXN5000423,100020003028,2026-03-31 21:17:38,4395.79,CREDIT,UPI Credit from Friend,311878.28
TXN5000424,100020003028,2026-04-10 00:38:56,9002.43,DEBIT,HP Fuel Station,302875.85
TXN5000425,100020003028,2026-04-18 21:21:53,18353.39,DEBIT,Reliance Fresh,284522.46
TXN5000426,100020003028,2026-04-27 07:42:58,10079.36,DEBIT,HP Fuel Station,274443.1
TXN5000427,100020003028,2026-05-05 08:23:42,21281.72,DEBIT,MakeMyTrip,253161.38
TXN5000428,100020003028,2026-05-14 01:42:26,13341.63,CREDIT,UPI Credit from Friend,266503.01
TXN5000429,100020003028,2026-05-22 22:00:28,23567.43,DEBIT,Swiggy,242935.58
TXN5000430,100020003028,2026-05-30 21:30:11,36717.94,CREDIT,Cash Deposit - CDM,279653.52
TXN5000431,100020003028,2026-06-09 01:00:35,9555.79,DEBIT,Reliance Fresh,270097.73
TXN5000432,100020003028,2026-06-17 13:06:55,66116.32,CREDIT,Client NEFT Payment,336214.05
TXN5000433,100020003028,2026-06-26 11:31:10,23017.91,DEBIT,Flipkart,313196.14
TXN5000434,100020003028,2026-07-04 23:10:24,1677.07,DEBIT,BookMyShow,311519.07
TXN5000435,100020003028,2026-07-12 23:07:38,51166.74,CREDIT,Client NEFT Payment,362685.81
TXN5000436,100020003029,2026-01-23 04:46:09,8523.69,DEBIT,Electricity Bill Payment,189836.91
TXN5000437,100020003029,2026-02-03 21:49:03,10877.91,DEBIT,Uber Rides,178959.0
TXN5000438,100020003029,2026-02-15 11:15:56,16939.76,DEBIT,Indian Oil Petrol Pump,162019.24
TXN5000439,100020003029,2026-02-27 08:52:03,67012.58,CREDIT,Cash Deposit - CDM,229031.82
TXN5000440,100020003029,2026-03-11 06:36:33,4007.49,DEBIT,ATM Cash Withdrawal,225024.33
TXN5000441,100020003029,2026-03-23 16:33:46,4218.56,DEBIT,MakeMyTrip,220805.77
TXN5000442,100020003029,2026-04-04 17:05:57,24256.61,DEBIT,Amazon India,196549.16
TXN5000443,100020003029,2026-04-16 17:27:58,9528.08,DEBIT,ATM Cash Withdrawal,187021.08
TXN5000444,100020003029,2026-04-28 10:56:23,20051.41,DEBIT,HP Fuel Station,166969.67
TXN5000445,100020003029,2026-05-10 07:24:44,7969.93,DEBIT,HP Fuel Station,158999.74
TXN5000446,100020003029,2026-05-22 23:11:08,10145.65,DEBIT,Amazon India,148854.09
TXN5000447,100020003029,2026-06-03 18:40:15,2363.3,DEBIT,Airtel Postpaid,146490.79
TXN5000448,100020003029,2026-06-16 04:24:57,22263.76,DEBIT,Electricity Bill Payment,124227.03
TXN5000449,100020003029,2026-06-27 10:15:51,23763.84,DEBIT,Reliance Fresh,100463.19
TXN5000450,100020003029,2026-07-10 01:06:26,63479.49,CREDIT,FD Interest Credit,163942.68
TXN5000451,100020003030,2026-01-22 23:43:04,17944.79,DEBIT,Reliance Fresh,56671.22
TXN5000452,100020003030,2026-01-30 03:16:54,17236.7,DEBIT,Zomato,39434.52
TXN5000453,100020003030,2026-02-05 14:57:09,10031.88,DEBIT,MakeMyTrip,29402.64
TXN5000454,100020003030,2026-02-13 02:42:26,8287.18,DEBIT,Amazon India,21115.46
TXN5000455,100020003030,2026-02-20 22:01:29,6959.22,DEBIT,Uber Rides,14156.24
TXN5000456,100020003030,2026-02-27 22:37:02,3497.86,DEBIT,Zomato,10658.38
TXN5000457,100020003030,2026-03-06 12:59:51,16953.62,CREDIT,UPI Credit from Friend,27612.0
TXN5000458,100020003030,2026-03-14 08:06:09,4636.3,DEBIT,BookMyShow,22975.7
TXN5000459,100020003030,2026-03-21 15:47:56,7119.02,DEBIT,HP Fuel Station,15856.68
TXN5000460,100020003030,2026-03-28 11:28:37,3247.54,DEBIT,HP Fuel Station,12609.14
TXN5000461,100020003030,2026-04-04 05:24:14,41938.75,CREDIT,Investment Dividend,54547.89
TXN5000462,100020003030,2026-04-12 06:13:53,11140.56,DEBIT,Swiggy,43407.33
TXN5000463,100020003030,2026-04-19 07:30:12,14173.5,DEBIT,Flipkart,29233.83
TXN5000464,100020003030,2026-04-26 04:59:51,10333.56,DEBIT,Electricity Bill Payment,18900.27
TXN5000465,100020003030,2026-05-03 21:39:11,4643.16,DEBIT,Uber Rides,14257.11
TXN5000466,100020003030,2026-05-10 23:35:48,5498.86,DEBIT,D-Mart,8758.25
TXN5000467,100020003030,2026-05-17 20:58:05,1504.7,DEBIT,Uber Rides,7253.55
TXN5000468,100020003030,2026-05-25 12:10:27,2461.81,DEBIT,Electricity Bill Payment,4791.74
TXN5000469,100020003030,2026-06-01 16:21:24,70227.89,CREDIT,Client NEFT Payment,75019.63
TXN5000470,100020003030,2026-06-08 05:42:57,17888.17,DEBIT,BookMyShow,57131.46
TXN5000471,100020003030,2026-06-15 13:35:12,22427.92,DEBIT,BookMyShow,34703.54
TXN5000472,100020003030,2026-06-23 09:30:14,7576.3,DEBIT,BookMyShow,27127.24
TXN5000473,100020003030,2026-06-29 22:38:13,3886.87,DEBIT,HP Fuel Station,23240.37
TXN5000474,100020003030,2026-07-07 09:41:13,53549.15,CREDIT,Client NEFT Payment,76789.52
TXN5000475,100020003030,2026-07-14 18:26:55,22158.67,CREDIT,Investment Dividend,98948.19
TXN5000476,100020003031,2026-01-22 17:50:43,3718.64,DEBIT,BookMyShow,298082.63
TXN5000477,100020003031,2026-02-13 18:39:30,19659.75,DEBIT,D-Mart,278422.88
TXN5000478,100020003031,2026-03-08 21:42:04,1644.62,DEBIT,MakeMyTrip,276778.26
TXN5000479,100020003031,2026-03-31 00:22:59,3390.67,CREDIT,Investment Dividend,280168.93
TXN5000480,100020003031,2026-04-22 07:45:33,55722.44,CREDIT,UPI Credit from Friend,335891.37
TXN5000481,100020003031,2026-05-15 11:07:03,6016.13,DEBIT,MakeMyTrip,329875.24
TXN5000482,100020003031,2026-06-07 00:25:25,17354.11,DEBIT,Amazon India,312521.13
TXN5000483,100020003031,2026-06-29 15:32:07,23921.88,DEBIT,BookMyShow,288599.25
TXN5000484,100020003032,2026-01-23 04:28:47,18617.38,DEBIT,Zomato,326102.77
TXN5000485,100020003032,2026-02-01 20:11:35,65388.74,CREDIT,UPI Credit from Friend,391491.51
TXN5000486,100020003032,2026-02-12 03:10:31,48924.8,CREDIT,Cash Deposit - CDM,440416.31
TXN5000487,100020003032,2026-02-21 18:25:07,19426.05,DEBIT,Zomato,420990.26
TXN5000488,100020003032,2026-03-03 12:21:36,17098.21,DEBIT,Swiggy,403892.05
TXN5000489,100020003032,2026-03-14 04:23:57,9832.18,CREDIT,Salary Credit - ACME Corp,413724.23
TXN5000490,100020003032,2026-03-23 15:35:02,3338.66,DEBIT,Airtel Postpaid,410385.57
TXN5000491,100020003032,2026-04-03 01:36:15,11711.65,DEBIT,Swiggy,398673.92
TXN5000492,100020003032,2026-04-12 06:15:30,45169.14,CREDIT,Client NEFT Payment,443843.06
TXN5000493,100020003032,2026-04-22 20:04:28,12314.72,DEBIT,Airtel Postpaid,431528.34
TXN5000494,100020003032,2026-05-02 18:30:13,17721.27,DEBIT,Electricity Bill Payment,413807.07
TXN5000495,100020003032,2026-05-12 10:34:44,1797.59,DEBIT,Electricity Bill Payment,412009.48
TXN5000496,100020003032,2026-05-22 09:07:29,10145.08,DEBIT,Reliance Fresh,401864.4
TXN5000497,100020003032,2026-06-01 10:36:30,8363.9,DEBIT,Reliance Fresh,393500.5
TXN5000498,100020003032,2026-06-11 12:20:44,46752.76,CREDIT,Investment Dividend,440253.26
TXN5000499,100020003032,2026-06-22 05:13:08,73603.86,CREDIT,Salary Credit - ACME Corp,513857.12
TXN5000500,100020003032,2026-07-01 08:03:11,6084.66,DEBIT,BookMyShow,507772.46
TXN5000501,100020003032,2026-07-11 20:01:43,23976.53,DEBIT,BookMyShow,483795.93
TXN5000502,100020003033,2026-01-22 14:27:10,9389.68,CREDIT,FD Interest Credit,181441.08
TXN5000503,100020003033,2026-02-01 18:15:55,22792.26,DEBIT,ATM Cash Withdrawal,158648.82
TXN5000504,100020003033,2026-02-11 23:47:30,12767.52,DEBIT,HP Fuel Station,145881.3
TXN5000505,100020003033,2026-02-21 06:21:08,15245.92,CREDIT,Cash Deposit - CDM,161127.22
TXN5000506,100020003033,2026-03-03 07:16:34,24293.56,DEBIT,MakeMyTrip,136833.66
TXN5000507,100020003033,2026-03-13 18:12:40,1730.25,DEBIT,BookMyShow,135103.41
TXN5000508,100020003033,2026-03-23 20:24:29,17166.59,DEBIT,ATM Cash Withdrawal,117936.82
TXN5000509,100020003033,2026-04-02 07:47:38,17598.3,DEBIT,Uber Rides,100338.52
TXN5000510,100020003033,2026-04-12 23:54:17,23499.8,DEBIT,Uber Rides,76838.72
TXN5000511,100020003033,2026-04-22 21:45:53,17950.02,DEBIT,Amazon India,58888.7
TXN5000512,100020003033,2026-05-02 07:24:01,18728.69,DEBIT,Electricity Bill Payment,40160.01
TXN5000513,100020003033,2026-05-12 06:59:25,68413.01,CREDIT,Investment Dividend,108573.02
TXN5000514,100020003033,2026-05-22 14:36:45,10882.32,DEBIT,Amazon India,97690.7
TXN5000515,100020003033,2026-06-01 14:38:52,246.88,DEBIT,Uber Rides,97443.82
TXN5000516,100020003033,2026-06-11 20:08:24,44334.99,CREDIT,Client NEFT Payment,141778.81
TXN5000517,100020003033,2026-06-22 01:39:28,12620.64,DEBIT,D-Mart,129158.17
TXN5000518,100020003033,2026-07-02 00:11:06,2253.98,DEBIT,MakeMyTrip,126904.19
TXN5000519,100020003033,2026-07-12 03:32:25,20570.85,DEBIT,Amazon India,106333.34
TXN5000520,100020003034,2026-01-22 09:03:05,18694.17,DEBIT,MakeMyTrip,185536.1
TXN5000521,100020003034,2026-01-30 20:15:56,24007.34,DEBIT,Swiggy,161528.76
TXN5000522,100020003034,2026-02-07 04:06:19,72437.04,CREDIT,Client NEFT Payment,233965.8
TXN5000523,100020003034,2026-02-15 08:19:43,1825.12,CREDIT,Cash Deposit - CDM,235790.92
TXN5000524,100020003034,2026-02-22 15:59:49,14360.69,DEBIT,Indian Oil Petrol Pump,221430.23
TXN5000525,100020003034,2026-03-02 21:19:18,23547.15,CREDIT,Client NEFT Payment,244977.38
TXN5000526,100020003034,2026-03-10 22:03:02,16668.53,CREDIT,Client NEFT Payment,261645.91
TXN5000527,100020003034,2026-03-18 20:31:02,4681.42,DEBIT,Airtel Postpaid,256964.49
TXN5000528,100020003034,2026-03-26 15:56:33,4615.81,DEBIT,MakeMyTrip,252348.68
TXN5000529,100020003034,2026-04-03 05:20:58,18800.94,DEBIT,Electricity Bill Payment,233547.74
TXN5000530,100020003034,2026-04-10 22:37:51,7337.25,DEBIT,Flipkart,226210.49
TXN5000531,100020003034,2026-04-18 13:24:11,14556.83,DEBIT,Reliance Fresh,211653.66
TXN5000532,100020003034,2026-04-26 11:47:03,5939.87,DEBIT,D-Mart,205713.79
TXN5000533,100020003034,2026-05-04 13:54:26,24516.16,CREDIT,Investment Dividend,230229.95
TXN5000534,100020003034,2026-05-12 02:44:43,17367.11,DEBIT,Swiggy,212862.84
TXN5000535,100020003034,2026-05-20 04:15:51,7976.7,DEBIT,Indian Oil Petrol Pump,204886.14
TXN5000536,100020003034,2026-05-27 14:33:52,19662.94,DEBIT,Uber Rides,185223.2
TXN5000537,100020003034,2026-06-05 00:05:56,21018.74,DEBIT,Swiggy,164204.46
TXN5000538,100020003034,2026-06-12 18:28:45,12050.85,DEBIT,HP Fuel Station,152153.61
TXN5000539,100020003034,2026-06-20 06:36:19,13836.63,DEBIT,Swiggy,138316.98
TXN5000540,100020003034,2026-06-28 09:18:53,7087.34,DEBIT,ATM Cash Withdrawal,131229.64
TXN5000541,100020003034,2026-07-05 17:00:27,6654.54,DEBIT,BookMyShow,124575.1
TXN5000542,100020003034,2026-07-13 11:18:31,563.89,DEBIT,Electricity Bill Payment,124011.21
TXN5000543,100020003035,2026-01-23 00:48:11,19253.09,DEBIT,Zomato,110326.59
TXN5000544,100020003035,2026-02-14 15:03:04,13632.39,DEBIT,Electricity Bill Payment,96694.2
TXN5000545,100020003035,2026-03-08 16:37:49,28070.58,CREDIT,UPI Credit from Friend,124764.78
TXN5000546,100020003035,2026-03-31 14:41:39,21443.39,DEBIT,Swiggy,103321.39
TXN5000547,100020003035,2026-04-22 16:27:09,9979.95,DEBIT,Electricity Bill Payment,93341.44
TXN5000548,100020003035,2026-05-14 17:33:14,24103.61,DEBIT,Airtel Postpaid,69237.83
TXN5000549,100020003035,2026-06-06 21:43:11,11387.43,CREDIT,UPI Credit from Friend,80625.26
TXN5000550,100020003035,2026-06-28 21:35:57,49796.58,CREDIT,UPI Credit from Friend,130421.84
TXN5000551,100020003036,2026-01-23 03:50:24,14998.79,DEBIT,Zomato,34165.63
TXN5000552,100020003036,2026-01-30 02:38:04,680.75,DEBIT,Zomato,33484.88
TXN5000553,100020003036,2026-02-07 09:22:52,29718.89,CREDIT,Investment Dividend,63203.77
TXN5000554,100020003036,2026-02-15 13:56:07,16248.27,DEBIT,Flipkart,46955.5
TXN5000555,100020003036,2026-02-23 05:29:37,15599.63,DEBIT,ATM Cash Withdrawal,31355.87
TXN5000556,100020003036,2026-03-03 02:14:10,7194.13,DEBIT,Indian Oil Petrol Pump,24161.74
TXN5000557,100020003036,2026-03-10 19:56:40,6348.97,DEBIT,ATM Cash Withdrawal,17812.77
TXN5000558,100020003036,2026-03-18 01:57:02,6933.14,DEBIT,Zomato,10879.63
TXN5000559,100020003036,2026-03-26 08:18:05,3789.41,DEBIT,HP Fuel Station,7090.22
TXN5000560,100020003036,2026-04-03 10:45:30,1488.23,CREDIT,UPI Credit from Friend,8578.45
TXN5000561,100020003036,2026-04-10 22:07:05,1814.13,DEBIT,D-Mart,6764.32
TXN5000562,100020003036,2026-04-18 12:27:47,1043.85,DEBIT,Uber Rides,5720.47
TXN5000563,100020003036,2026-04-26 22:49:11,1007.25,DEBIT,Reliance Fresh,4713.22
TXN5000564,100020003036,2026-05-04 16:19:30,954.82,DEBIT,Zomato,3758.4
TXN5000565,100020003036,2026-05-12 09:02:38,676.64,DEBIT,Zomato,3081.76
TXN5000566,100020003036,2026-05-19 15:43:35,282.51,DEBIT,BookMyShow,2799.25
TXN5000567,100020003036,2026-05-27 22:49:14,11868.02,CREDIT,UPI Credit from Friend,14667.27
TXN5000568,100020003036,2026-06-04 12:32:29,5626.07,DEBIT,Airtel Postpaid,9041.2
TXN5000569,100020003036,2026-06-13 01:25:52,3189.26,DEBIT,Uber Rides,5851.94
TXN5000570,100020003036,2026-06-20 13:52:38,292.14,DEBIT,HP Fuel Station,5559.8
TXN5000571,100020003036,2026-06-28 08:22:41,1123.03,DEBIT,Zomato,4436.77
TXN5000572,100020003036,2026-07-06 09:34:35,1430.75,DEBIT,ATM Cash Withdrawal,3006.02
TXN5000573,100020003036,2026-07-14 03:53:36,663.12,DEBIT,Swiggy,2342.9
TXN5000574,100020003037,2026-01-23 03:26:10,1814.19,DEBIT,Indian Oil Petrol Pump,195383.72
TXN5000575,100020003037,2026-02-01 14:33:03,5138.48,DEBIT,ATM Cash Withdrawal,190245.24
TXN5000576,100020003037,2026-02-12 03:07:26,20680.2,DEBIT,Airtel Postpaid,169565.04
TXN5000577,100020003037,2026-02-21 07:36:39,15407.23,DEBIT,Amazon India,154157.81
TXN5000578,100020003037,2026-03-04 02:21:57,18834.34,DEBIT,Flipkart,135323.47
TXN5000579,100020003037,2026-03-13 16:52:25,15126.52,DEBIT,ATM Cash Withdrawal,120196.95
TXN5000580,100020003037,2026-03-23 05:19:43,51213.39,CREDIT,Investment Dividend,171410.34
TXN5000581,100020003037,2026-04-02 17:49:44,1181.61,DEBIT,Electricity Bill Payment,170228.73
TXN5000582,100020003037,2026-04-12 15:35:41,36677.14,CREDIT,Investment Dividend,206905.87
TXN5000583,100020003037,2026-04-22 13:42:44,68181.56,CREDIT,Client NEFT Payment,275087.43
TXN5000584,100020003037,2026-05-02 19:07:36,6437.5,DEBIT,MakeMyTrip,268649.93
TXN5000585,100020003037,2026-05-12 10:52:48,21961.73,CREDIT,Cash Deposit - CDM,290611.66
TXN5000586,100020003037,2026-05-22 15:06:26,17757.81,DEBIT,MakeMyTrip,272853.85
TXN5000587,100020003037,2026-06-01 05:28:14,13042.07,DEBIT,Indian Oil Petrol Pump,259811.78
TXN5000588,100020003037,2026-06-11 21:00:32,7965.95,DEBIT,Reliance Fresh,251845.83
TXN5000589,100020003037,2026-06-21 07:51:28,14675.72,DEBIT,D-Mart,237170.11
TXN5000590,100020003037,2026-07-02 01:49:09,9204.54,DEBIT,D-Mart,227965.57
TXN5000591,100020003037,2026-07-12 05:06:10,5171.97,DEBIT,Electricity Bill Payment,222793.6
TXN5000592,100020003038,2026-01-22 16:52:44,13917.29,DEBIT,D-Mart,115466.69
TXN5000593,100020003038,2026-01-30 09:49:26,19377.44,DEBIT,Indian Oil Petrol Pump,96089.25
TXN5000594,100020003038,2026-02-06 08:33:31,49786.93,CREDIT,Client NEFT Payment,145876.18
TXN5000595,100020003038,2026-02-13 01:12:51,71244.14,CREDIT,Salary Credit - ACME Corp,217120.32
TXN5000596,100020003038,2026-02-20 05:38:48,8527.1,DEBIT,Electricity Bill Payment,208593.22
TXN5000597,100020003038,2026-02-27 20:02:11,1396.11,DEBIT,Indian Oil Petrol Pump,207197.11
TXN5000598,100020003038,2026-03-07 09:14:58,2368.11,DEBIT,Swiggy,204829.0
TXN5000599,100020003038,2026-03-14 02:13:11,2294.7,DEBIT,D-Mart,202534.3
TXN5000600,100020003038,2026-03-21 01:01:20,1040.11,DEBIT,Indian Oil Petrol Pump,201494.19
TXN5000601,100020003038,2026-03-28 22:50:10,16438.76,DEBIT,D-Mart,185055.43
TXN5000602,100020003038,2026-04-04 22:22:42,23648.32,DEBIT,ATM Cash Withdrawal,161407.11
TXN5000603,100020003038,2026-04-11 14:18:22,366.69,DEBIT,ATM Cash Withdrawal,161040.42
TXN5000604,100020003038,2026-04-19 06:39:54,22164.48,CREDIT,Salary Credit - ACME Corp,183204.9
TXN5000605,100020003038,2026-04-26 14:30:53,17491.4,DEBIT,Airtel Postpaid,165713.5
TXN5000606,100020003038,2026-05-03 04:34:02,6057.49,DEBIT,Amazon India,159656.01
TXN5000607,100020003038,2026-05-11 04:42:55,6970.83,DEBIT,Indian Oil Petrol Pump,152685.18
TXN5000608,100020003038,2026-05-17 18:34:29,14693.4,DEBIT,Electricity Bill Payment,137991.78
TXN5000609,100020003038,2026-05-24 15:16:07,69019.13,CREDIT,Cash Deposit - CDM,207010.91
TXN5000610,100020003038,2026-06-01 02:31:39,68710.66,CREDIT,FD Interest Credit,275721.57
TXN5000611,100020003038,2026-06-08 08:50:21,17745.87,CREDIT,UPI Credit from Friend,293467.44
TXN5000612,100020003038,2026-06-15 16:12:50,215.82,DEBIT,Swiggy,293251.62
TXN5000613,100020003038,2026-06-22 19:52:15,1902.41,DEBIT,D-Mart,291349.21
TXN5000614,100020003038,2026-06-29 23:03:32,12880.84,DEBIT,D-Mart,278468.37
TXN5000615,100020003038,2026-07-07 16:43:35,43542.15,CREDIT,Client NEFT Payment,322010.52
TXN5000616,100020003038,2026-07-14 11:07:34,12142.38,DEBIT,Zomato,309868.14
TXN5000617,100020003039,2026-01-23 04:22:10,11571.94,DEBIT,Airtel Postpaid,155600.72
TXN5000618,100020003039,2026-02-02 01:59:18,6519.71,DEBIT,Indian Oil Petrol Pump,149081.01
TXN5000619,100020003039,2026-02-11 20:30:27,51091.56,CREDIT,UPI Credit from Friend,200172.57
TXN5000620,100020003039,2026-02-22 00:30:13,8892.1,DEBIT,Electricity Bill Payment,191280.47
TXN5000621,100020003039,2026-03-03 05:31:59,19371.06,CREDIT,Salary Credit - ACME Corp,210651.53
TXN5000622,100020003039,2026-03-13 14:52:27,26307.47,CREDIT,Cash Deposit - CDM,236959.0
TXN5000623,100020003039,2026-03-24 03:39:12,8903.09,DEBIT,Airtel Postpaid,228055.91
TXN5000624,100020003039,2026-04-02 11:45:27,51549.94,CREDIT,UPI Credit from Friend,279605.85
TXN5000625,100020003039,2026-04-12 17:16:33,18412.18,DEBIT,ATM Cash Withdrawal,261193.67
TXN5000626,100020003039,2026-04-22 11:40:10,20890.02,DEBIT,ATM Cash Withdrawal,240303.65
TXN5000627,100020003039,2026-05-02 20:08:46,2756.56,DEBIT,Flipkart,237547.09
TXN5000628,100020003039,2026-05-12 21:31:09,15384.29,DEBIT,MakeMyTrip,222162.8
TXN5000629,100020003039,2026-05-23 01:52:11,63752.78,CREDIT,FD Interest Credit,285915.58
TXN5000630,100020003039,2026-06-01 20:11:45,24635.5,DEBIT,Airtel Postpaid,261280.08
TXN5000631,100020003039,2026-06-12 02:09:01,24611.43,DEBIT,Electricity Bill Payment,236668.65
TXN5000632,100020003039,2026-06-21 12:01:34,14458.96,DEBIT,Amazon India,222209.69
TXN5000633,100020003039,2026-07-01 17:55:03,23497.4,DEBIT,Amazon India,198712.29
TXN5000634,100020003039,2026-07-11 17:21:33,17189.83,DEBIT,Swiggy,181522.46
TXN5000635,100020003040,2026-01-23 04:44:09,11555.76,DEBIT,Uber Rides,210247.91
TXN5000636,100020003040,2026-01-30 09:51:55,9547.76,DEBIT,Flipkart,200700.15
TXN5000637,100020003040,2026-02-07 21:50:15,6566.55,DEBIT,Electricity Bill Payment,194133.6
TXN5000638,100020003040,2026-02-16 00:41:56,23967.32,DEBIT,Reliance Fresh,170166.28
TXN5000639,100020003040,2026-02-24 07:32:11,5342.26,DEBIT,Uber Rides,164824.02
TXN5000640,100020003040,2026-03-04 21:10:14,10074.76,DEBIT,HP Fuel Station,154749.26
TXN5000641,100020003040,2026-03-12 11:47:56,14439.73,DEBIT,Zomato,140309.53
TXN5000642,100020003040,2026-03-21 07:23:09,60502.48,CREDIT,Cash Deposit - CDM,200812.01
TXN5000643,100020003040,2026-03-29 02:34:55,3731.51,DEBIT,Uber Rides,197080.5
TXN5000644,100020003040,2026-04-06 00:09:42,14068.94,CREDIT,Investment Dividend,211149.44
TXN5000645,100020003040,2026-04-14 04:09:48,47668.25,CREDIT,Cash Deposit - CDM,258817.69
TXN5000646,100020003040,2026-04-22 22:35:35,23202.53,CREDIT,Cash Deposit - CDM,282020.22
TXN5000647,100020003040,2026-05-01 06:16:03,2564.47,DEBIT,Swiggy,279455.75
TXN5000648,100020003040,2026-05-08 15:28:04,36263.92,CREDIT,Client NEFT Payment,315719.67
TXN5000649,100020003040,2026-05-16 20:42:07,20222.92,CREDIT,FD Interest Credit,335942.59
TXN5000650,100020003040,2026-05-25 12:12:10,20070.9,CREDIT,Salary Credit - ACME Corp,356013.49
TXN5000651,100020003040,2026-06-02 13:00:01,17021.69,DEBIT,Airtel Postpaid,338991.8
TXN5000652,100020003040,2026-06-10 12:15:23,16263.36,DEBIT,Swiggy,322728.44
TXN5000653,100020003040,2026-06-19 11:21:00,8194.75,DEBIT,Electricity Bill Payment,314533.69
TXN5000654,100020003040,2026-06-27 03:54:31,66832.8,CREDIT,Investment Dividend,381366.49
TXN5000655,100020003040,2026-07-05 11:18:01,23919.2,DEBIT,ATM Cash Withdrawal,357447.29
TXN5000656,100020003040,2026-07-13 04:57:28,25966.73,CREDIT,Client NEFT Payment,383414.02
TXN5000657,100020003041,2026-01-23 01:40:24,4133.79,DEBIT,Zomato,177556.04
TXN5000658,100020003041,2026-01-31 12:49:24,17789.79,DEBIT,Airtel Postpaid,159766.25
TXN5000659,100020003041,2026-02-09 20:46:16,11177.97,DEBIT,ATM Cash Withdrawal,148588.28
TXN5000660,100020003041,2026-02-19 03:49:49,39549.24,CREDIT,Investment Dividend,188137.52
TXN5000661,100020003041,2026-02-27 15:14:08,675.22,DEBIT,Uber Rides,187462.3
TXN5000662,100020003041,2026-03-08 10:55:51,18622.5,DEBIT,Uber Rides,168839.8
TXN5000663,100020003041,2026-03-17 07:13:17,2664.93,DEBIT,Flipkart,166174.87
TXN5000664,100020003041,2026-03-27 03:46:58,1440.25,DEBIT,MakeMyTrip,164734.62
TXN5000665,100020003041,2026-04-04 14:49:41,7160.59,CREDIT,FD Interest Credit,171895.21
TXN5000666,100020003041,2026-04-13 20:08:03,23296.58,DEBIT,Indian Oil Petrol Pump,148598.63
TXN5000667,100020003041,2026-04-22 12:43:29,7175.96,DEBIT,BookMyShow,141422.67
TXN5000668,100020003041,2026-05-01 08:20:01,4348.14,DEBIT,Amazon India,137074.53
TXN5000669,100020003041,2026-05-10 21:13:30,25064.9,CREDIT,Investment Dividend,162139.43
TXN5000670,100020003041,2026-05-19 16:30:44,70179.46,CREDIT,Cash Deposit - CDM,232318.89
TXN5000671,100020003041,2026-05-28 15:58:34,52624.09,CREDIT,UPI Credit from Friend,284942.98
TXN5000672,100020003041,2026-06-06 19:28:47,18747.9,DEBIT,Airtel Postpaid,266195.08
TXN5000673,100020003041,2026-06-15 15:44:21,13391.22,DEBIT,Reliance Fresh,252803.86
TXN5000674,100020003041,2026-06-24 16:51:34,2329.9,DEBIT,D-Mart,250473.96
TXN5000675,100020003041,2026-07-03 14:04:43,7658.97,DEBIT,Amazon India,242814.99
TXN5000676,100020003041,2026-07-12 17:51:33,11086.23,CREDIT,FD Interest Credit,253901.22
TXN5000677,100020003042,2026-01-22 18:08:32,12349.1,DEBIT,MakeMyTrip,302683.73
TXN5000678,100020003042,2026-01-30 12:34:31,10817.84,DEBIT,D-Mart,291865.89
TXN5000679,100020003042,2026-02-07 11:16:48,41567.7,CREDIT,UPI Credit from Friend,333433.59
TXN5000680,100020003042,2026-02-15 02:39:35,9929.33,DEBIT,Swiggy,323504.26
TXN5000681,100020003042,2026-02-23 05:45:45,20727.83,DEBIT,Zomato,302776.43
TXN5000682,100020003042,2026-03-02 14:44:30,6065.09,DEBIT,MakeMyTrip,296711.34
TXN5000683,100020003042,2026-03-10 23:27:19,17378.72,DEBIT,D-Mart,279332.62
TXN5000684,100020003042,2026-03-18 06:54:52,60851.84,CREDIT,Investment Dividend,340184.46
TXN5000685,100020003042,2026-03-26 00:25:14,3501.94,DEBIT,Flipkart,336682.52
TXN5000686,100020003042,2026-04-03 07:01:12,6876.14,DEBIT,Airtel Postpaid,329806.38
TXN5000687,100020003042,2026-04-10 23:22:07,3888.52,DEBIT,Electricity Bill Payment,325917.86
TXN5000688,100020003042,2026-04-18 07:55:04,21876.48,CREDIT,UPI Credit from Friend,347794.34
TXN5000689,100020003042,2026-04-26 20:22:39,18227.98,CREDIT,UPI Credit from Friend,366022.32
TXN5000690,100020003042,2026-05-03 23:23:32,10564.05,DEBIT,MakeMyTrip,355458.27
TXN5000691,100020003042,2026-05-12 14:03:07,35312.65,CREDIT,Salary Credit - ACME Corp,390770.92
TXN5000692,100020003042,2026-05-19 22:37:01,71421.66,CREDIT,Salary Credit - ACME Corp,462192.58
TXN5000693,100020003042,2026-05-27 16:54:47,13625.48,DEBIT,Swiggy,448567.1
TXN5000694,100020003042,2026-06-04 10:57:21,61476.55,CREDIT,Salary Credit - ACME Corp,510043.65
TXN5000695,100020003042,2026-06-12 05:05:47,19423.21,CREDIT,Investment Dividend,529466.86
TXN5000696,100020003042,2026-06-20 03:55:38,15739.31,CREDIT,Client NEFT Payment,545206.17
TXN5000697,100020003042,2026-06-28 12:19:31,24554.68,DEBIT,HP Fuel Station,520651.49
TXN5000698,100020003042,2026-07-05 22:59:11,70279.93,CREDIT,UPI Credit from Friend,590931.42
TXN5000699,100020003042,2026-07-14 00:34:25,23441.78,DEBIT,Electricity Bill Payment,567489.64
TXN5000700,100020003043,2026-01-22 11:22:45,5048.22,DEBIT,Amazon India,166949.03
TXN5000701,100020003043,2026-02-08 10:45:17,2911.92,DEBIT,BookMyShow,164037.11
TXN5000702,100020003043,2026-02-24 09:10:27,19880.32,DEBIT,Airtel Postpaid,144156.79
TXN5000703,100020003043,2026-03-12 10:21:11,1660.81,CREDIT,Salary Credit - ACME Corp,145817.6
TXN5000704,100020003043,2026-03-29 06:09:17,17241.32,DEBIT,Swiggy,128576.28
TXN5000705,100020003043,2026-04-14 09:50:59,4026.69,DEBIT,Flipkart,124549.59
TXN5000706,100020003043,2026-05-01 02:07:34,24244.33,DEBIT,MakeMyTrip,100305.26
TXN5000707,100020003043,2026-05-17 09:23:38,16149.91,DEBIT,Uber Rides,84155.35
TXN5000708,100020003043,2026-06-02 15:59:25,12247.29,DEBIT,Reliance Fresh,71908.06
TXN5000709,100020003043,2026-06-19 11:24:19,56995.62,CREDIT,Investment Dividend,128903.68
TXN5000710,100020003043,2026-07-05 14:10:08,9506.45,DEBIT,Uber Rides,119397.23
TXN5000711,100020003044,2026-01-22 11:18:59,17694.99,DEBIT,Electricity Bill Payment,208778.72
TXN5000712,100020003044,2026-02-06 12:22:22,4825.42,DEBIT,Swiggy,203953.3
TXN5000713,100020003044,2026-02-21 18:20:48,11763.03,DEBIT,ATM Cash Withdrawal,192190.27
TXN5000714,100020003044,2026-03-09 01:15:08,42034.5,CREDIT,Salary Credit - ACME Corp,234224.77
TXN5000715,100020003044,2026-03-23 18:02:49,20503.52,DEBIT,Electricity Bill Payment,213721.25
TXN5000716,100020003044,2026-04-07 14:06:38,15986.85,DEBIT,Indian Oil Petrol Pump,197734.4
TXN5000717,100020003044,2026-04-22 22:54:27,46860.36,CREDIT,FD Interest Credit,244594.76
TXN5000718,100020003044,2026-05-07 23:55:27,18052.99,DEBIT,BookMyShow,226541.77
TXN5000719,100020003044,2026-05-23 04:30:42,15050.34,CREDIT,Client NEFT Payment,241592.11
TXN5000720,100020003044,2026-06-06 17:14:27,15364.68,DEBIT,Reliance Fresh,226227.43
TXN5000721,100020003044,2026-06-21 15:08:06,2496.78,DEBIT,BookMyShow,223730.65
TXN5000722,100020003044,2026-07-06 06:54:00,10603.3,CREDIT,Salary Credit - ACME Corp,234333.95
TXN5000723,100020003045,2026-01-22 07:52:09,892.25,DEBIT,BookMyShow,788325.59
TXN5000724,100020003045,2026-02-04 21:56:32,13192.95,DEBIT,Uber Rides,775132.64
TXN5000725,100020003045,2026-02-17 12:36:35,5596.0,DEBIT,Uber Rides,769536.64
TXN5000726,100020003045,2026-03-01 20:42:54,16446.62,CREDIT,Investment Dividend,785983.26
TXN5000727,100020003045,2026-03-15 13:52:02,35636.38,CREDIT,Client NEFT Payment,821619.64
TXN5000728,100020003045,2026-03-27 13:36:49,23462.27,DEBIT,Indian Oil Petrol Pump,798157.37
TXN5000729,100020003045,2026-04-10 04:27:25,5314.2,CREDIT,Cash Deposit - CDM,803471.57
TXN5000730,100020003045,2026-04-22 11:40:45,1852.66,DEBIT,D-Mart,801618.91
TXN5000731,100020003045,2026-05-05 03:44:30,13035.18,DEBIT,Flipkart,788583.73
TXN5000732,100020003045,2026-05-18 15:50:48,4817.56,DEBIT,Electricity Bill Payment,783766.17
TXN5000733,100020003045,2026-05-31 10:46:45,23692.83,DEBIT,Electricity Bill Payment,760073.34
TXN5000734,100020003045,2026-06-13 09:33:58,2727.3,DEBIT,BookMyShow,757346.04
TXN5000735,100020003045,2026-06-26 01:59:40,17593.51,DEBIT,Indian Oil Petrol Pump,739752.53
TXN5000736,100020003045,2026-07-09 05:54:58,4591.87,DEBIT,Indian Oil Petrol Pump,735160.66
TXN5000737,100020003046,2026-01-22 13:24:00,24961.0,DEBIT,HP Fuel Station,459016.37
TXN5000738,100020003046,2026-01-30 15:42:15,41706.02,CREDIT,FD Interest Credit,500722.39
TXN5000739,100020003046,2026-02-07 01:34:34,15867.7,DEBIT,ATM Cash Withdrawal,484854.69
TXN5000740,100020003046,2026-02-14 10:43:14,14122.3,DEBIT,Zomato,470732.39
TXN5000741,100020003046,2026-02-21 14:18:04,18640.0,DEBIT,Reliance Fresh,452092.39
TXN5000742,100020003046,2026-03-01 16:22:46,9987.55,DEBIT,Uber Rides,442104.84
TXN5000743,100020003046,2026-03-08 06:07:54,505.93,DEBIT,Swiggy,441598.91
TXN5000744,100020003046,2026-03-16 17:08:30,7578.32,DEBIT,Zomato,434020.59
TXN5000745,100020003046,2026-03-23 10:27:20,19310.92,DEBIT,Uber Rides,414709.67
TXN5000746,100020003046,2026-03-31 13:02:09,38834.09,CREDIT,Cash Deposit - CDM,453543.76
TXN5000747,100020003046,2026-04-08 03:31:19,1039.63,DEBIT,Reliance Fresh,452504.13
TXN5000748,100020003046,2026-04-14 21:02:47,22251.67,DEBIT,Zomato,430252.46
TXN5000749,100020003046,2026-04-22 10:53:30,7800.98,CREDIT,Investment Dividend,438053.44
TXN5000750,100020003046,2026-04-30 06:57:26,2022.32,DEBIT,Reliance Fresh,436031.12
TXN5000751,100020003046,2026-05-08 00:19:46,20660.06,DEBIT,Uber Rides,415371.06
TXN5000752,100020003046,2026-05-15 10:10:05,8056.94,CREDIT,Client NEFT Payment,423428.0
TXN5000753,100020003046,2026-05-22 12:30:33,43644.99,CREDIT,Salary Credit - ACME Corp,467072.99
TXN5000754,100020003046,2026-05-30 12:01:21,25744.83,CREDIT,Investment Dividend,492817.82
TXN5000755,100020003046,2026-06-06 15:17:46,65364.2,CREDIT,UPI Credit from Friend,558182.02
TXN5000756,100020003046,2026-06-14 11:14:38,69720.33,CREDIT,Client NEFT Payment,627902.35
TXN5000757,100020003046,2026-06-21 23:57:28,7689.11,DEBIT,Amazon India,620213.24
TXN5000758,100020003046,2026-06-29 00:57:48,8238.11,DEBIT,Uber Rides,611975.13
TXN5000759,100020003046,2026-07-06 10:35:56,18316.31,DEBIT,Indian Oil Petrol Pump,593658.82
TXN5000760,100020003046,2026-07-14 16:36:17,43568.86,CREDIT,Salary Credit - ACME Corp,637227.68
TXN5000761,100020003047,2026-01-22 15:39:58,11952.92,CREDIT,FD Interest Credit,341512.96
TXN5000762,100020003047,2026-02-03 07:16:51,1327.85,DEBIT,Indian Oil Petrol Pump,340185.11
TXN5000763,100020003047,2026-02-15 11:36:04,10918.83,DEBIT,Uber Rides,329266.28
TXN5000764,100020003047,2026-02-27 08:25:43,14026.47,DEBIT,HP Fuel Station,315239.81
TXN5000765,100020003047,2026-03-11 14:47:15,14073.07,DEBIT,Uber Rides,301166.74
TXN5000766,100020003047,2026-03-23 17:52:54,6729.8,DEBIT,Indian Oil Petrol Pump,294436.94
TXN5000767,100020003047,2026-04-04 13:03:42,7630.0,CREDIT,Client NEFT Payment,302066.94
TXN5000768,100020003047,2026-04-16 15:13:32,4843.19,DEBIT,Reliance Fresh,297223.75
TXN5000769,100020003047,2026-04-28 19:33:10,7689.99,DEBIT,Reliance Fresh,289533.76
TXN5000770,100020003047,2026-05-10 20:05:20,33723.55,CREDIT,UPI Credit from Friend,323257.31
TXN5000771,100020003047,2026-05-22 15:52:15,18278.23,CREDIT,Client NEFT Payment,341535.54
TXN5000772,100020003047,2026-06-03 14:16:17,64104.55,CREDIT,Salary Credit - ACME Corp,405640.09
TXN5000773,100020003047,2026-06-15 23:02:59,15562.96,DEBIT,Swiggy,390077.13
TXN5000774,100020003047,2026-06-28 02:08:59,2016.26,CREDIT,Client NEFT Payment,392093.39
TXN5000775,100020003047,2026-07-10 00:36:09,11832.64,DEBIT,Reliance Fresh,380260.75
TXN5000776,100020003048,2026-01-22 23:03:36,13705.96,DEBIT,MakeMyTrip,712124.97
TXN5000777,100020003048,2026-02-04 08:04:44,18275.1,DEBIT,Swiggy,693849.87
TXN5000778,100020003048,2026-02-17 15:07:27,9477.51,DEBIT,BookMyShow,684372.36
TXN5000779,100020003048,2026-03-02 07:39:26,1596.74,DEBIT,Zomato,682775.62
TXN5000780,100020003048,2026-03-15 10:31:33,1421.82,DEBIT,BookMyShow,681353.8
TXN5000781,100020003048,2026-03-28 10:50:28,16543.28,DEBIT,BookMyShow,664810.52
TXN5000782,100020003048,2026-04-10 05:10:42,21620.63,DEBIT,Amazon India,643189.89
TXN5000783,100020003048,2026-04-22 12:19:11,29602.72,CREDIT,Investment Dividend,672792.61
TXN5000784,100020003048,2026-05-05 14:04:34,67886.53,CREDIT,Investment Dividend,740679.14
TXN5000785,100020003048,2026-05-18 19:14:42,4741.79,DEBIT,Electricity Bill Payment,735937.35
TXN5000786,100020003048,2026-05-31 18:13:01,17840.48,DEBIT,Amazon India,718096.87
TXN5000787,100020003048,2026-06-12 21:31:22,8405.88,DEBIT,Indian Oil Petrol Pump,709690.99
TXN5000788,100020003048,2026-06-26 06:01:20,17139.35,DEBIT,Reliance Fresh,692551.64
TXN5000789,100020003048,2026-07-08 23:44:02,24458.28,DEBIT,Electricity Bill Payment,668093.36
TXN5000790,100020003049,2026-01-23 00:47:07,21979.06,DEBIT,ATM Cash Withdrawal,49854.81
TXN5000791,100020003049,2026-02-03 11:04:06,71234.61,CREDIT,UPI Credit from Friend,121089.42
TXN5000792,100020003049,2026-02-13 20:56:27,49612.95,CREDIT,Salary Credit - ACME Corp,170702.37
TXN5000793,100020003049,2026-02-25 16:49:01,16982.07,DEBIT,ATM Cash Withdrawal,153720.3
TXN5000794,100020003049,2026-03-08 20:18:44,6084.98,DEBIT,Swiggy,147635.32
TXN5000795,100020003049,2026-03-19 21:32:06,15173.69,DEBIT,HP Fuel Station,132461.63
TXN5000796,100020003049,2026-03-31 06:18:48,3550.56,DEBIT,Electricity Bill Payment,128911.07
TXN5000797,100020003049,2026-04-11 15:43:01,3538.93,DEBIT,Uber Rides,125372.14
TXN5000798,100020003049,2026-04-22 22:13:23,3467.79,DEBIT,MakeMyTrip,121904.35
TXN5000799,100020003049,2026-05-03 14:47:00,68866.3,CREDIT,FD Interest Credit,190770.65
TXN5000800,100020003049,2026-05-14 18:55:38,18014.07,DEBIT,Swiggy,172756.58
TXN5000801,100020003049,2026-05-26 06:55:19,54803.89,CREDIT,FD Interest Credit,227560.47
TXN5000802,100020003049,2026-06-07 02:25:22,10340.17,DEBIT,HP Fuel Station,217220.3
TXN5000803,100020003049,2026-06-18 05:11:40,48126.71,CREDIT,Client NEFT Payment,265347.01
TXN5000804,100020003049,2026-06-28 23:52:15,8901.09,CREDIT,UPI Credit from Friend,274248.1
TXN5000805,100020003049,2026-07-09 23:55:42,46654.04,CREDIT,Cash Deposit - CDM,320902.14
TXN5000806,100020003050,2026-01-22 19:36:45,749.5,DEBIT,Flipkart,948343.1
TXN5000807,100020003050,2026-02-03 21:48:54,12607.88,DEBIT,Airtel Postpaid,935735.22
TXN5000808,100020003050,2026-02-15 16:33:00,4681.01,DEBIT,Indian Oil Petrol Pump,931054.21
TXN5000809,100020003050,2026-02-27 17:05:40,4912.17,DEBIT,Amazon India,926142.04
TXN5000810,100020003050,2026-03-11 15:06:21,69482.2,CREDIT,Investment Dividend,995624.24
TXN5000811,100020003050,2026-03-23 10:38:28,5150.56,DEBIT,Zomato,990473.68
TXN5000812,100020003050,2026-04-04 06:53:13,73936.45,CREDIT,Cash Deposit - CDM,1064410.13
TXN5000813,100020003050,2026-04-16 17:03:30,11492.87,DEBIT,Zomato,1052917.26
TXN5000814,100020003050,2026-04-28 15:33:40,45986.82,CREDIT,Investment Dividend,1098904.08
TXN5000815,100020003050,2026-05-10 22:35:04,23484.56,DEBIT,Airtel Postpaid,1075419.52
TXN5000816,100020003050,2026-05-22 19:33:04,21907.0,DEBIT,MakeMyTrip,1053512.52
TXN5000817,100020003050,2026-06-03 06:13:26,11476.82,DEBIT,Amazon India,1042035.7
TXN5000818,100020003050,2026-06-16 02:21:59,13492.94,DEBIT,Uber Rides,1028542.76
TXN5000819,100020003050,2026-06-27 06:14:30,19152.48,DEBIT,Amazon India,1009390.28
TXN5000820,100020003050,2026-07-09 09:51:22,22121.5,DEBIT,MakeMyTrip,987268.78
TXN5000821,100020003051,2026-01-22 16:22:19,15367.04,DEBIT,Amazon India,91282.7
TXN5000822,100020003051,2026-02-02 11:58:34,35304.84,CREDIT,Client NEFT Payment,126587.54
TXN5000823,100020003051,2026-02-12 20:22:33,9374.7,CREDIT,Cash Deposit - CDM,135962.24
TXN5000824,100020003051,2026-02-23 22:09:39,3469.14,DEBIT,Indian Oil Petrol Pump,132493.1
TXN5000825,100020003051,2026-03-05 21:32:00,11396.65,DEBIT,Uber Rides,121096.45
TXN5000826,100020003051,2026-03-17 01:23:13,7673.29,CREDIT,FD Interest Credit,128769.74
TXN5000827,100020003051,2026-03-27 10:36:25,59939.98,CREDIT,Client NEFT Payment,188709.72
TXN5000828,100020003051,2026-04-07 01:43:18,17685.05,DEBIT,BookMyShow,171024.67
TXN5000829,100020003051,2026-04-17 06:57:06,9663.78,DEBIT,MakeMyTrip,161360.89
TXN5000830,100020003051,2026-04-28 11:45:47,4081.5,DEBIT,Electricity Bill Payment,157279.39
TXN5000831,100020003051,2026-05-08 11:36:39,68506.71,CREDIT,Cash Deposit - CDM,225786.1
TXN5000832,100020003051,2026-05-19 13:30:19,12997.18,CREDIT,UPI Credit from Friend,238783.28
TXN5000833,100020003051,2026-05-29 11:00:15,32049.05,CREDIT,FD Interest Credit,270832.33
TXN5000834,100020003051,2026-06-09 14:21:11,22369.76,CREDIT,UPI Credit from Friend,293202.09
TXN5000835,100020003051,2026-06-19 13:46:05,5151.01,DEBIT,Airtel Postpaid,288051.08
TXN5000836,100020003051,2026-06-30 19:26:02,12490.93,DEBIT,HP Fuel Station,275560.15
TXN5000837,100020003051,2026-07-11 04:13:34,22079.3,DEBIT,Zomato,253480.85
TXN5000838,100020003052,2026-01-22 19:25:57,10312.77,DEBIT,Flipkart,395854.27
TXN5000839,100020003052,2026-02-04 16:18:01,22065.98,DEBIT,D-Mart,373788.29
TXN5000840,100020003052,2026-02-17 13:19:01,20648.79,DEBIT,Amazon India,353139.5
TXN5000841,100020003052,2026-03-01 23:27:01,8790.59,DEBIT,Swiggy,344348.91
TXN5000842,100020003052,2026-03-15 12:04:38,20966.56,DEBIT,D-Mart,323382.35
TXN5000843,100020003052,2026-03-27 20:06:13,2811.3,DEBIT,Swiggy,320571.05
TXN5000844,100020003052,2026-04-09 12:36:01,16557.02,DEBIT,Uber Rides,304014.03
TXN5000845,100020003052,2026-04-22 19:34:44,14129.03,CREDIT,Investment Dividend,318143.06
TXN5000846,100020003052,2026-05-05 19:51:19,992.42,DEBIT,MakeMyTrip,317150.64
TXN5000847,100020003052,2026-05-18 05:37:32,9535.59,DEBIT,Flipkart,307615.05
TXN5000848,100020003052,2026-05-31 13:13:00,5804.51,CREDIT,Investment Dividend,313419.56
TXN5000849,100020003052,2026-06-12 18:48:52,6933.02,DEBIT,Electricity Bill Payment,306486.54
TXN5000850,100020003052,2026-06-25 22:05:13,5305.37,DEBIT,Amazon India,301181.17
TXN5000851,100020003052,2026-07-08 11:21:06,47544.42,CREDIT,Salary Credit - ACME Corp,348725.59
TXN5000852,100020003053,2026-01-22 22:40:39,19725.8,DEBIT,Uber Rides,55559.65
TXN5000853,100020003053,2026-01-30 08:01:06,7101.95,DEBIT,Electricity Bill Payment,48457.7
TXN5000854,100020003053,2026-02-07 10:45:19,17977.45,DEBIT,Airtel Postpaid,30480.25
TXN5000855,100020003053,2026-02-15 06:16:52,7740.49,DEBIT,HP Fuel Station,22739.76
TXN5000856,100020003053,2026-02-23 07:59:44,18221.4,CREDIT,FD Interest Credit,40961.16
TXN5000857,100020003053,2026-03-03 07:55:56,490.61,DEBIT,BookMyShow,40470.55
TXN5000858,100020003053,2026-03-10 23:22:40,16342.48,CREDIT,Cash Deposit - CDM,56813.03
TXN5000859,100020003053,2026-03-19 00:03:29,7652.12,DEBIT,Electricity Bill Payment,49160.91
TXN5000860,100020003053,2026-03-26 15:15:12,12633.29,DEBIT,Uber Rides,36527.62
TXN5000861,100020003053,2026-04-02 22:29:37,23775.17,CREDIT,Cash Deposit - CDM,60302.79
TXN5000862,100020003053,2026-04-11 00:45:38,9423.92,CREDIT,FD Interest Credit,69726.71
TXN5000863,100020003053,2026-04-18 15:34:46,46583.51,CREDIT,Salary Credit - ACME Corp,116310.22
TXN5000864,100020003053,2026-04-26 23:10:54,20862.25,DEBIT,BookMyShow,95447.97
TXN5000865,100020003053,2026-05-04 10:32:15,985.4,DEBIT,Swiggy,94462.57
TXN5000866,100020003053,2026-05-12 06:25:15,22312.25,DEBIT,Electricity Bill Payment,72150.32
TXN5000867,100020003053,2026-05-20 12:11:36,20372.75,DEBIT,Uber Rides,51777.57
TXN5000868,100020003053,2026-05-27 11:51:42,11744.05,DEBIT,BookMyShow,40033.52
TXN5000869,100020003053,2026-06-04 13:54:55,3414.17,DEBIT,BookMyShow,36619.35
TXN5000870,100020003053,2026-06-12 10:07:50,59887.93,CREDIT,Salary Credit - ACME Corp,96507.28
TXN5000871,100020003053,2026-06-20 21:15:58,876.21,DEBIT,Indian Oil Petrol Pump,95631.07
TXN5000872,100020003053,2026-06-28 08:51:28,43252.64,CREDIT,Investment Dividend,138883.71
TXN5000873,100020003053,2026-07-05 18:08:41,19580.36,DEBIT,D-Mart,119303.35
TXN5000874,100020003053,2026-07-14 02:24:00,887.54,DEBIT,Indian Oil Petrol Pump,118415.81
TXN5000875,100020003054,2026-01-22 17:13:44,11352.47,DEBIT,D-Mart,179563.61
TXN5000876,100020003054,2026-02-09 10:29:13,2894.56,DEBIT,MakeMyTrip,176669.05
TXN5000877,100020003054,2026-02-27 06:11:50,2405.84,DEBIT,Electricity Bill Payment,174263.21
TXN5000878,100020003054,2026-03-17 05:53:53,12551.35,DEBIT,Zomato,161711.86
TXN5000879,100020003054,2026-04-04 13:27:45,21859.59,DEBIT,D-Mart,139852.27
TXN5000880,100020003054,2026-04-22 23:54:45,21807.79,DEBIT,ATM Cash Withdrawal,118044.48
TXN5000881,100020003054,2026-05-11 04:52:27,24818.74,DEBIT,Zomato,93225.74
TXN5000882,100020003054,2026-05-28 22:41:22,17870.57,DEBIT,Electricity Bill Payment,75355.17
TXN5000883,100020003054,2026-06-15 08:04:47,1196.35,DEBIT,ATM Cash Withdrawal,74158.82
TXN5000884,100020003054,2026-07-03 19:33:45,11725.21,DEBIT,Amazon India,62433.61
TXN5000885,100020003055,2026-01-22 17:47:37,7880.77,DEBIT,Airtel Postpaid,902683.84
TXN5000886,100020003055,2026-02-08 08:13:51,5325.16,DEBIT,Zomato,897358.68
TXN5000887,100020003055,2026-02-24 03:22:31,8046.83,DEBIT,HP Fuel Station,889311.85
TXN5000888,100020003055,2026-03-12 23:35:19,4021.65,DEBIT,Flipkart,885290.2
TXN5000889,100020003055,2026-03-28 16:34:30,12900.11,DEBIT,Zomato,872390.09
TXN5000890,100020003055,2026-04-14 13:57:24,6849.2,DEBIT,Uber Rides,865540.89
TXN5000891,100020003055,2026-05-01 04:57:34,4364.75,DEBIT,D-Mart,861176.14
TXN5000892,100020003055,2026-05-17 09:06:32,11146.83,DEBIT,Swiggy,850029.31
TXN5000893,100020003055,2026-06-02 03:48:49,4733.74,CREDIT,Investment Dividend,854763.05
TXN5000894,100020003055,2026-06-18 13:08:11,4556.68,DEBIT,Airtel Postpaid,850206.37
TXN5000895,100020003055,2026-07-05 17:57:47,17284.11,DEBIT,HP Fuel Station,832922.26
TXN5000896,100020003056,2026-01-22 12:47:54,53754.5,CREDIT,Client NEFT Payment,131568.26
TXN5000897,100020003056,2026-02-01 12:05:29,23077.32,DEBIT,MakeMyTrip,108490.94
TXN5000898,100020003056,2026-02-10 15:12:48,20339.99,DEBIT,Uber Rides,88150.95
TXN5000899,100020003056,2026-02-20 02:38:37,17143.5,DEBIT,Uber Rides,71007.45
TXN5000900,100020003056,2026-03-01 21:10:09,23691.46,DEBIT,Swiggy,47315.99
TXN5000901,100020003056,2026-03-11 10:48:29,17285.89,DEBIT,Indian Oil Petrol Pump,30030.1
TXN5000902,100020003056,2026-03-20 05:54:39,25444.27,CREDIT,FD Interest Credit,55474.37
TXN5000903,100020003056,2026-03-29 23:45:27,10600.02,DEBIT,Reliance Fresh,44874.35
TXN5000904,100020003056,2026-04-08 11:44:05,21887.05,CREDIT,FD Interest Credit,66761.4
TXN5000905,100020003056,2026-04-18 02:07:19,2663.01,DEBIT,ATM Cash Withdrawal,64098.39
TXN5000906,100020003056,2026-04-27 16:07:35,13948.13,DEBIT,Flipkart,50150.26
TXN5000907,100020003056,2026-05-07 05:22:14,8100.34,DEBIT,Indian Oil Petrol Pump,42049.92
TXN5000908,100020003056,2026-05-16 03:26:48,2758.81,DEBIT,HP Fuel Station,39291.11
TXN5000909,100020003056,2026-05-25 18:18:03,12810.47,DEBIT,Airtel Postpaid,26480.64
TXN5000910,100020003056,2026-06-04 06:48:19,42973.63,CREDIT,FD Interest Credit,69454.27
TXN5000911,100020003056,2026-06-13 20:53:41,16599.05,DEBIT,Flipkart,52855.22
TXN5000912,100020003056,2026-06-23 12:56:21,62919.37,CREDIT,Salary Credit - ACME Corp,115774.59
TXN5000913,100020003056,2026-07-02 20:46:29,13921.68,DEBIT,ATM Cash Withdrawal,101852.91
TXN5000914,100020003056,2026-07-12 04:36:59,10204.26,DEBIT,Airtel Postpaid,91648.65
TXN5000915,100020003057,2026-01-22 21:45:07,20514.66,DEBIT,Reliance Fresh,87342.6
TXN5000916,100020003057,2026-02-08 01:53:24,2354.27,DEBIT,ATM Cash Withdrawal,84988.33
TXN5000917,100020003057,2026-02-24 02:05:18,18899.21,DEBIT,MakeMyTrip,66089.12
TXN5000918,100020003057,2026-03-12 07:29:09,3815.49,DEBIT,Electricity Bill Payment,62273.63
TXN5000919,100020003057,2026-03-28 23:12:18,11193.79,DEBIT,Zomato,51079.84
TXN5000920,100020003057,2026-04-14 17:17:33,11694.82,DEBIT,BookMyShow,39385.02
TXN5000921,100020003057,2026-04-30 16:58:21,33169.8,CREDIT,FD Interest Credit,72554.82
TXN5000922,100020003057,2026-05-17 18:09:27,15326.12,DEBIT,Electricity Bill Payment,57228.7
TXN5000923,100020003057,2026-06-02 12:49:07,6804.9,DEBIT,Reliance Fresh,50423.8
TXN5000924,100020003057,2026-06-19 09:28:16,1062.41,CREDIT,Cash Deposit - CDM,51486.21
TXN5000925,100020003057,2026-07-05 16:16:14,17750.83,DEBIT,ATM Cash Withdrawal,33735.38
TXN5000926,100020003058,2026-01-22 10:56:44,30175.86,CREDIT,FD Interest Credit,181376.93
TXN5000927,100020003058,2026-02-14 10:22:56,10936.23,DEBIT,Zomato,170440.7
TXN5000928,100020003058,2026-03-08 21:11:58,4786.85,DEBIT,Indian Oil Petrol Pump,165653.85
TXN5000929,100020003058,2026-03-31 13:32:22,10489.16,DEBIT,D-Mart,155164.69
TXN5000930,100020003058,2026-04-23 05:14:19,3443.51,DEBIT,Flipkart,151721.18
TXN5000931,100020003058,2026-05-15 08:51:40,22133.73,DEBIT,BookMyShow,129587.45
TXN5000932,100020003058,2026-06-06 15:46:53,7265.09,CREDIT,Client NEFT Payment,136852.54
TXN5000933,100020003058,2026-06-29 12:38:32,67125.1,CREDIT,Client NEFT Payment,203977.64
TXN5000934,100020003059,2026-01-22 20:15:28,10660.7,DEBIT,ATM Cash Withdrawal,152693.49
TXN5000935,100020003059,2026-01-31 05:48:54,4726.2,DEBIT,Airtel Postpaid,147967.29
TXN5000936,100020003059,2026-02-08 08:54:24,18299.74,DEBIT,Uber Rides,129667.55
TXN5000937,100020003059,2026-02-17 10:29:03,13699.54,DEBIT,Reliance Fresh,115968.01
TXN5000938,100020003059,2026-02-25 12:57:36,12133.38,DEBIT,Reliance Fresh,103834.63
TXN5000939,100020003059,2026-03-06 04:35:14,17293.38,DEBIT,Swiggy,86541.25
TXN5000940,100020003059,2026-03-15 09:06:36,21497.83,DEBIT,MakeMyTrip,65043.42
TXN5000941,100020003059,2026-03-23 23:59:33,2048.04,DEBIT,Airtel Postpaid,62995.38
TXN5000942,100020003059,2026-03-31 21:08:12,18567.98,DEBIT,BookMyShow,44427.4
TXN5000943,100020003059,2026-04-09 10:36:08,14203.16,DEBIT,D-Mart,30224.24
TXN5000944,100020003059,2026-04-18 13:09:20,40592.46,CREDIT,Salary Credit - ACME Corp,70816.7
TXN5000945,100020003059,2026-04-26 23:24:35,11783.89,DEBIT,Uber Rides,59032.81
TXN5000946,100020003059,2026-05-05 09:49:39,23090.2,DEBIT,D-Mart,35942.61
TXN5000947,100020003059,2026-05-13 22:31:35,13275.78,DEBIT,Uber Rides,22666.83
TXN5000948,100020003059,2026-05-22 12:35:51,20272.79,CREDIT,Client NEFT Payment,42939.62
TXN5000949,100020003059,2026-05-31 06:22:11,981.45,DEBIT,D-Mart,41958.17
TXN5000950,100020003059,2026-06-09 04:08:30,4885.02,DEBIT,Flipkart,37073.15
TXN5000951,100020003059,2026-06-17 01:29:11,11644.25,DEBIT,D-Mart,25428.9
TXN5000952,100020003059,2026-06-25 15:20:16,8739.97,DEBIT,Amazon India,16688.93
TXN5000953,100020003059,2026-07-04 19:39:56,6084.64,DEBIT,Uber Rides,10604.29
TXN5000954,100020003059,2026-07-12 19:12:46,3445.85,DEBIT,D-Mart,7158.44
TXN5000955,100020003060,2026-01-22 16:56:16,64789.07,CREDIT,FD Interest Credit,745941.81
TXN5000956,100020003060,2026-02-04 04:55:03,45070.26,CREDIT,UPI Credit from Friend,791012.07
TXN5000957,100020003060,2026-02-16 01:24:09,31558.14,CREDIT,Investment Dividend,822570.21
TXN5000958,100020003060,2026-02-27 11:00:38,15975.61,DEBIT,Zomato,806594.6
TXN5000959,100020003060,2026-03-11 19:09:57,5020.11,CREDIT,FD Interest Credit,811614.71
TXN5000960,100020003060,2026-03-23 23:25:53,4273.25,DEBIT,Indian Oil Petrol Pump,807341.46
TXN5000961,100020003060,2026-04-04 16:43:45,23711.47,DEBIT,Electricity Bill Payment,783629.99
TXN5000962,100020003060,2026-04-16 10:54:27,9812.76,DEBIT,D-Mart,773817.23
TXN5000963,100020003060,2026-04-28 08:47:00,1877.86,CREDIT,Investment Dividend,775695.09
TXN5000964,100020003060,2026-05-10 14:28:04,13303.31,DEBIT,Amazon India,762391.78
TXN5000965,100020003060,2026-05-22 07:38:11,8910.32,DEBIT,ATM Cash Withdrawal,753481.46
TXN5000966,100020003060,2026-06-03 15:39:45,64518.32,CREDIT,FD Interest Credit,817999.78
TXN5000967,100020003060,2026-06-15 11:47:15,19895.45,CREDIT,Cash Deposit - CDM,837895.23
TXN5000968,100020003060,2026-06-27 14:41:15,56432.73,CREDIT,Client NEFT Payment,894327.96
TXN5000969,100020003060,2026-07-09 21:25:30,39476.47,CREDIT,Client NEFT Payment,933804.43
TXN5000970,100020003061,2026-01-22 12:49:05,311.06,DEBIT,Flipkart,218655.14
TXN5000971,100020003061,2026-02-05 01:53:40,2687.29,DEBIT,HP Fuel Station,215967.85
TXN5000972,100020003061,2026-02-19 06:21:05,19640.31,CREDIT,Salary Credit - ACME Corp,235608.16
TXN5000973,100020003061,2026-03-04 18:47:30,23468.79,DEBIT,BookMyShow,212139.37
TXN5000974,100020003061,2026-03-19 11:59:08,15024.69,DEBIT,Flipkart,197114.68
TXN5000975,100020003061,2026-04-02 03:49:55,21425.38,DEBIT,Swiggy,175689.3
TXN5000976,100020003061,2026-04-15 16:10:08,48945.03,CREDIT,UPI Credit from Friend,224634.33
TXN5000977,100020003061,2026-04-30 00:57:27,6408.06,DEBIT,HP Fuel Station,218226.27
TXN5000978,100020003061,2026-05-13 15:36:46,11390.75,DEBIT,D-Mart,206835.52
TXN5000979,100020003061,2026-05-27 14:32:01,16722.72,DEBIT,MakeMyTrip,190112.8
TXN5000980,100020003061,2026-06-10 00:08:18,1942.53,DEBIT,MakeMyTrip,188170.27
TXN5000981,100020003061,2026-06-23 14:10:54,24899.37,DEBIT,D-Mart,163270.9
TXN5000982,100020003061,2026-07-08 07:55:36,11070.31,DEBIT,HP Fuel Station,152200.59
TXN5000983,100020003062,2026-01-22 19:56:49,12352.23,DEBIT,Swiggy,233002.43
TXN5000984,100020003062,2026-02-04 14:50:47,15387.76,DEBIT,Flipkart,217614.67
TXN5000985,100020003062,2026-02-17 20:20:43,8643.25,CREDIT,Salary Credit - ACME Corp,226257.92
TXN5000986,100020003062,2026-03-01 20:42:14,58515.55,CREDIT,Salary Credit - ACME Corp,284773.47
TXN5000987,100020003062,2026-03-15 13:06:06,16044.35,DEBIT,Amazon India,268729.12
TXN5000988,100020003062,2026-03-28 04:06:27,17531.37,DEBIT,Indian Oil Petrol Pump,251197.75
TXN5000989,100020003062,2026-04-09 22:31:11,23503.79,DEBIT,HP Fuel Station,227693.96
TXN5000990,100020003062,2026-04-22 16:46:30,18221.41,DEBIT,MakeMyTrip,209472.55
TXN5000991,100020003062,2026-05-05 20:43:13,182.35,DEBIT,Uber Rides,209290.2
TXN5000992,100020003062,2026-05-18 18:04:26,14224.37,DEBIT,Reliance Fresh,195065.83
TXN5000993,100020003062,2026-05-31 03:01:00,1474.35,DEBIT,BookMyShow,193591.48
TXN5000994,100020003062,2026-06-12 17:45:41,24027.05,DEBIT,Flipkart,169564.43
TXN5000995,100020003062,2026-06-26 08:20:43,22456.94,CREDIT,UPI Credit from Friend,192021.37
TXN5000996,100020003062,2026-07-08 12:58:02,9665.68,DEBIT,Zomato,182355.69
TXN5000997,100020003063,2026-01-22 22:00:03,47665.66,CREDIT,FD Interest Credit,436904.84
TXN5000998,100020003063,2026-02-02 07:05:36,33410.8,CREDIT,UPI Credit from Friend,470315.64
TXN5000999,100020003063,2026-02-12 12:53:37,18021.5,DEBIT,Airtel Postpaid,452294.14
TXN5001000,100020003063,2026-02-23 05:22:35,19839.21,DEBIT,BookMyShow,432454.93
TXN5001001,100020003063,2026-03-05 21:09:21,20872.83,DEBIT,HP Fuel Station,411582.1
TXN5001002,100020003063,2026-03-17 03:05:09,8548.2,DEBIT,Reliance Fresh,403033.9
TXN5001003,100020003063,2026-03-27 12:54:44,3042.86,DEBIT,MakeMyTrip,399991.04
TXN5001004,100020003063,2026-04-06 23:48:56,23508.24,DEBIT,ATM Cash Withdrawal,376482.8
TXN5001005,100020003063,2026-04-17 19:13:23,14525.71,DEBIT,Flipkart,361957.09
TXN5001006,100020003063,2026-04-27 13:14:37,16380.41,DEBIT,HP Fuel Station,345576.68
TXN5001007,100020003063,2026-05-09 00:14:55,6142.8,DEBIT,BookMyShow,339433.88
TXN5001008,100020003063,2026-05-18 19:43:36,1343.95,DEBIT,D-Mart,338089.93
TXN5001009,100020003063,2026-05-30 02:24:33,15319.52,DEBIT,ATM Cash Withdrawal,322770.41
TXN5001010,100020003063,2026-06-09 11:00:51,8868.51,CREDIT,Investment Dividend,331638.92
TXN5001011,100020003063,2026-06-20 01:13:34,1671.44,DEBIT,Zomato,329967.48
TXN5001012,100020003063,2026-06-30 11:17:37,73682.26,CREDIT,Client NEFT Payment,403649.74
TXN5001013,100020003063,2026-07-11 00:49:49,17133.8,DEBIT,Electricity Bill Payment,386515.94
TXN5001014,100020003064,2026-01-22 13:01:04,16779.16,CREDIT,Salary Credit - ACME Corp,54464.51
TXN5001015,100020003064,2026-02-06 19:32:02,2718.46,DEBIT,Swiggy,51746.05
TXN5001016,100020003064,2026-02-21 23:28:51,7719.92,DEBIT,Swiggy,44026.13
TXN5001017,100020003064,2026-03-08 15:49:39,4011.72,CREDIT,Salary Credit - ACME Corp,48037.85
TXN5001018,100020003064,2026-03-24 00:17:06,7289.8,DEBIT,Swiggy,40748.05
TXN5001019,100020003064,2026-04-07 05:40:29,202.86,DEBIT,Swiggy,40545.19
TXN5001020,100020003064,2026-04-23 03:31:37,44936.06,CREDIT,FD Interest Credit,85481.25
TXN5001021,100020003064,2026-05-07 15:17:21,58169.64,CREDIT,Client NEFT Payment,143650.89
TXN5001022,100020003064,2026-05-22 08:20:42,6846.65,DEBIT,HP Fuel Station,136804.24
TXN5001023,100020003064,2026-06-06 15:11:18,46179.81,CREDIT,Salary Credit - ACME Corp,182984.05
TXN5001024,100020003064,2026-06-21 19:36:37,46291.69,CREDIT,Salary Credit - ACME Corp,229275.74
TXN5001025,100020003064,2026-07-06 20:21:08,26741.16,CREDIT,Salary Credit - ACME Corp,256016.9
TXN5001026,100020003065,2026-01-22 10:57:18,13301.96,DEBIT,Flipkart,477587.15
TXN5001027,100020003065,2026-01-30 00:57:14,74021.88,CREDIT,Cash Deposit - CDM,551609.03
TXN5001028,100020003065,2026-02-05 20:09:44,49790.21,CREDIT,FD Interest Credit,601399.24
TXN5001029,100020003065,2026-02-12 20:58:24,3815.51,DEBIT,ATM Cash Withdrawal,597583.73
TXN5001030,100020003065,2026-02-20 23:44:44,4490.46,DEBIT,BookMyShow,593093.27
TXN5001031,100020003065,2026-02-28 03:26:38,9168.41,DEBIT,Zomato,583924.86
TXN5001032,100020003065,2026-03-06 20:31:55,20148.33,DEBIT,MakeMyTrip,563776.53
TXN5001033,100020003065,2026-03-14 01:46:31,1406.17,DEBIT,Electricity Bill Payment,562370.36
TXN5001034,100020003065,2026-03-20 23:55:16,36894.54,CREDIT,Salary Credit - ACME Corp,599264.9
TXN5001035,100020003065,2026-03-28 02:12:01,11176.04,DEBIT,Airtel Postpaid,588088.86
TXN5001036,100020003065,2026-04-04 13:07:23,16953.63,DEBIT,Reliance Fresh,571135.23
TXN5001037,100020003065,2026-04-11 15:37:16,5771.77,DEBIT,Zomato,565363.46
TXN5001038,100020003065,2026-04-19 08:36:20,28789.4,CREDIT,UPI Credit from Friend,594152.86
TXN5001039,100020003065,2026-04-25 21:27:52,1453.05,DEBIT,Indian Oil Petrol Pump,592699.81
TXN5001040,100020003065,2026-05-03 03:58:42,34669.32,CREDIT,Investment Dividend,627369.13
TXN5001041,100020003065,2026-05-10 14:15:48,4934.46,DEBIT,Reliance Fresh,622434.67
TXN5001042,100020003065,2026-05-18 09:30:47,3267.57,DEBIT,Uber Rides,619167.1
TXN5001043,100020003065,2026-05-25 04:32:52,2866.62,DEBIT,HP Fuel Station,616300.48
TXN5001044,100020003065,2026-06-01 06:42:20,8655.04,DEBIT,D-Mart,607645.44
TXN5001045,100020003065,2026-06-08 14:59:13,48211.94,CREDIT,Cash Deposit - CDM,655857.38
TXN5001046,100020003065,2026-06-16 03:02:01,13863.62,DEBIT,Zomato,641993.76
TXN5001047,100020003065,2026-06-22 12:10:30,37201.79,CREDIT,UPI Credit from Friend,679195.55
TXN5001048,100020003065,2026-06-30 05:05:52,21658.64,CREDIT,Client NEFT Payment,700854.19
TXN5001049,100020003065,2026-07-07 05:58:28,19339.53,CREDIT,Investment Dividend,720193.72
TXN5001050,100020003065,2026-07-14 14:24:25,44791.1,CREDIT,UPI Credit from Friend,764984.82
TXN5001051,100020003066,2026-01-22 15:19:34,24782.71,DEBIT,Uber Rides,340338.69
TXN5001052,100020003066,2026-02-14 11:44:47,13324.93,DEBIT,HP Fuel Station,327013.76
TXN5001053,100020003066,2026-03-09 00:43:58,2540.18,DEBIT,HP Fuel Station,324473.58
TXN5001054,100020003066,2026-03-30 23:04:19,409.33,DEBIT,Uber Rides,324064.25
TXN5001055,100020003066,2026-04-22 15:03:31,9024.3,DEBIT,Zomato,315039.95
TXN5001056,100020003066,2026-05-15 08:50:35,12046.6,DEBIT,D-Mart,302993.35
TXN5001057,100020003066,2026-06-06 09:10:59,14302.48,DEBIT,Airtel Postpaid,288690.87
TXN5001058,100020003066,2026-06-28 17:53:08,19318.69,DEBIT,ATM Cash Withdrawal,269372.18
TXN5001059,100020003067,2026-01-22 09:44:18,47384.01,CREDIT,Client NEFT Payment,448160.89
TXN5001060,100020003067,2026-01-31 20:30:05,6231.7,CREDIT,Client NEFT Payment,454392.59
TXN5001061,100020003067,2026-02-09 13:17:22,10704.97,DEBIT,D-Mart,443687.62
TXN5001062,100020003067,2026-02-18 22:03:11,14423.21,DEBIT,Zomato,429264.41
TXN5001063,100020003067,2026-02-28 00:12:16,22033.1,DEBIT,Uber Rides,407231.31
TXN5001064,100020003067,2026-03-09 03:40:25,22759.1,DEBIT,Reliance Fresh,384472.21
TXN5001065,100020003067,2026-03-18 02:36:40,9203.21,DEBIT,Airtel Postpaid,375269.0
TXN5001066,100020003067,2026-03-26 06:16:51,16239.5,DEBIT,Uber Rides,359029.5
TXN5001067,100020003067,2026-04-04 06:54:28,16148.73,CREDIT,FD Interest Credit,375178.23
TXN5001068,100020003067,2026-04-13 11:01:37,12014.49,DEBIT,MakeMyTrip,363163.74
TXN5001069,100020003067,2026-04-22 19:13:21,16524.75,CREDIT,Client NEFT Payment,379688.49
TXN5001070,100020003067,2026-05-01 23:33:40,22458.53,DEBIT,Electricity Bill Payment,357229.96
TXN5001071,100020003067,2026-05-10 21:37:31,1677.89,DEBIT,Reliance Fresh,355552.07
TXN5001072,100020003067,2026-05-19 16:09:27,20756.04,DEBIT,HP Fuel Station,334796.03
TXN5001073,100020003067,2026-05-28 22:20:08,13368.1,DEBIT,D-Mart,321427.93
TXN5001074,100020003067,2026-06-06 16:08:50,16865.33,DEBIT,Uber Rides,304562.6
TXN5001075,100020003067,2026-06-16 00:42:39,5856.44,CREDIT,Investment Dividend,310419.04
TXN5001076,100020003067,2026-06-24 07:23:42,4552.41,DEBIT,Flipkart,305866.63
TXN5001077,100020003067,2026-07-03 07:55:28,17457.34,DEBIT,HP Fuel Station,288409.29
TXN5001078,100020003067,2026-07-12 08:54:42,23807.41,DEBIT,Amazon India,264601.88
TXN5001079,100020003068,2026-01-22 15:17:48,23299.86,DEBIT,HP Fuel Station,224035.2
TXN5001080,100020003068,2026-02-02 03:44:17,16152.64,DEBIT,D-Mart,207882.56
TXN5001081,100020003068,2026-02-12 14:04:21,20069.53,DEBIT,ATM Cash Withdrawal,187813.03
TXN5001082,100020003068,2026-02-23 22:23:29,10351.12,DEBIT,Reliance Fresh,177461.91
TXN5001083,100020003068,2026-03-06 05:30:31,36974.98,CREDIT,Client NEFT Payment,214436.89
TXN5001084,100020003068,2026-03-16 20:36:46,33948.97,CREDIT,FD Interest Credit,248385.86
TXN5001085,100020003068,2026-03-27 07:37:11,23680.63,CREDIT,FD Interest Credit,272066.49
TXN5001086,100020003068,2026-04-06 13:33:58,7274.84,DEBIT,ATM Cash Withdrawal,264791.65
TXN5001087,100020003068,2026-04-16 23:22:36,11452.57,DEBIT,Swiggy,253339.08
TXN5001088,100020003068,2026-04-28 03:12:20,13429.39,DEBIT,Swiggy,239909.69
TXN5001089,100020003068,2026-05-09 01:49:59,52271.59,CREDIT,Client NEFT Payment,292181.28
TXN5001090,100020003068,2026-05-19 11:39:39,3011.24,DEBIT,Reliance Fresh,289170.04
TXN5001091,100020003068,2026-05-29 20:30:00,9304.84,DEBIT,Zomato,279865.2
TXN5001092,100020003068,2026-06-09 10:19:44,7991.9,DEBIT,Reliance Fresh,271873.3
TXN5001093,100020003068,2026-06-19 14:29:51,24389.1,DEBIT,Electricity Bill Payment,247484.2
TXN5001094,100020003068,2026-06-30 08:18:07,30937.61,CREDIT,Investment Dividend,278421.81
TXN5001095,100020003068,2026-07-11 09:37:35,69658.04,CREDIT,UPI Credit from Friend,348079.85
TXN5001096,100020003069,2026-01-23 04:35:00,12734.48,DEBIT,BookMyShow,181828.25
TXN5001097,100020003069,2026-02-14 10:13:50,7316.7,DEBIT,MakeMyTrip,174511.55
TXN5001098,100020003069,2026-03-09 04:50:11,3762.38,DEBIT,Airtel Postpaid,170749.17
TXN5001099,100020003069,2026-03-31 10:47:05,26062.65,CREDIT,Salary Credit - ACME Corp,196811.82
TXN5001100,100020003069,2026-04-22 22:51:33,11317.32,CREDIT,Cash Deposit - CDM,208129.14
TXN5001101,100020003069,2026-05-14 20:06:17,15476.3,DEBIT,Zomato,192652.84
TXN5001102,100020003069,2026-06-06 16:00:11,1470.34,DEBIT,BookMyShow,191182.5
TXN5001103,100020003069,2026-06-28 21:59:00,19553.96,DEBIT,MakeMyTrip,171628.54
TXN5001104,100020003070,2026-01-22 09:59:49,21251.34,DEBIT,BookMyShow,179587.55
TXN5001105,100020003070,2026-02-03 03:25:02,12843.51,DEBIT,Zomato,166744.04
TXN5001106,100020003070,2026-02-14 05:04:15,12837.74,DEBIT,Amazon India,153906.3
TXN5001107,100020003070,2026-02-25 21:06:09,3783.85,DEBIT,ATM Cash Withdrawal,150122.45
TXN5001108,100020003070,2026-03-08 15:33:47,403.55,DEBIT,Reliance Fresh,149718.9
TXN5001109,100020003070,2026-03-19 19:43:56,65698.33,CREDIT,Salary Credit - ACME Corp,215417.23
TXN5001110,100020003070,2026-03-30 22:28:35,55873.05,CREDIT,Investment Dividend,271290.28
TXN5001111,100020003070,2026-04-11 18:35:17,20161.25,DEBIT,Indian Oil Petrol Pump,251129.03
TXN5001112,100020003070,2026-04-22 22:47:10,20904.24,DEBIT,Airtel Postpaid,230224.79
TXN5001113,100020003070,2026-05-03 13:21:56,11917.87,DEBIT,ATM Cash Withdrawal,218306.92
TXN5001114,100020003070,2026-05-15 05:54:25,23335.51,DEBIT,Airtel Postpaid,194971.41
TXN5001115,100020003070,2026-05-26 17:26:47,10295.57,DEBIT,D-Mart,184675.84
TXN5001116,100020003070,2026-06-06 15:14:53,17785.15,DEBIT,MakeMyTrip,166890.69
TXN5001117,100020003070,2026-06-18 09:15:24,20823.86,DEBIT,D-Mart,146066.83
TXN5001118,100020003070,2026-06-29 06:35:33,20673.58,DEBIT,ATM Cash Withdrawal,125393.25
TXN5001119,100020003070,2026-07-10 13:20:41,18522.41,DEBIT,Zomato,106870.84
TXN5001120,100020003071,2026-01-23 00:17:20,7574.22,DEBIT,BookMyShow,370496.94
TXN5001121,100020003071,2026-02-14 13:19:18,16379.94,DEBIT,D-Mart,354117.0
TXN5001122,100020003071,2026-03-08 15:18:41,17227.3,DEBIT,Zomato,336889.7
TXN5001123,100020003071,2026-03-30 17:58:56,37485.72,CREDIT,Salary Credit - ACME Corp,374375.42
TXN5001124,100020003071,2026-04-22 19:40:23,12064.1,DEBIT,Indian Oil Petrol Pump,362311.32
TXN5001125,100020003071,2026-05-15 14:08:24,11953.41,DEBIT,Uber Rides,350357.91
TXN5001126,100020003071,2026-06-07 00:56:18,18350.64,DEBIT,Amazon India,332007.27
TXN5001127,100020003071,2026-06-29 13:35:11,1556.91,DEBIT,Reliance Fresh,330450.36
TXN5001128,100020003072,2026-01-23 02:22:46,4166.39,DEBIT,D-Mart,349566.14
TXN5001129,100020003072,2026-01-30 18:19:53,23883.39,DEBIT,Amazon India,325682.75
TXN5001130,100020003072,2026-02-07 20:59:01,23414.29,DEBIT,Electricity Bill Payment,302268.46
TXN5001131,100020003072,2026-02-15 23:02:32,19140.77,DEBIT,Airtel Postpaid,283127.69
TXN5001132,100020003072,2026-02-24 16:49:02,21823.83,DEBIT,ATM Cash Withdrawal,261303.86
TXN5001133,100020003072,2026-03-04 23:23:52,21087.96,CREDIT,Client NEFT Payment,282391.82
TXN5001134,100020003072,2026-03-13 00:00:07,14543.16,DEBIT,ATM Cash Withdrawal,267848.66
TXN5001135,100020003072,2026-03-20 15:17:40,7107.3,DEBIT,MakeMyTrip,260741.36
TXN5001136,100020003072,2026-03-29 03:50:47,22778.62,DEBIT,Flipkart,237962.74
TXN5001137,100020003072,2026-04-06 01:48:05,20806.18,DEBIT,MakeMyTrip,217156.56
TXN5001138,100020003072,2026-04-14 22:27:56,20802.26,DEBIT,Electricity Bill Payment,196354.3
TXN5001139,100020003072,2026-04-23 01:36:19,52967.6,CREDIT,Salary Credit - ACME Corp,249321.9
TXN5001140,100020003072,2026-04-30 19:40:47,9625.86,CREDIT,UPI Credit from Friend,258947.76
TXN5001141,100020003072,2026-05-09 12:11:20,7858.18,DEBIT,Reliance Fresh,251089.58
TXN5001142,100020003072,2026-05-16 21:43:37,24690.79,DEBIT,Electricity Bill Payment,226398.79
TXN5001143,100020003072,2026-05-25 17:04:49,17776.38,DEBIT,Amazon India,208622.41
TXN5001144,100020003072,2026-06-02 20:59:06,3304.99,DEBIT,Uber Rides,205317.42
TXN5001145,100020003072,2026-06-10 10:53:53,3221.07,DEBIT,Swiggy,202096.35
TXN5001146,100020003072,2026-06-19 11:23:30,19099.29,DEBIT,Flipkart,182997.06
TXN5001147,100020003072,2026-06-26 18:04:28,57042.72,CREDIT,Salary Credit - ACME Corp,240039.78
TXN5001148,100020003072,2026-07-05 01:17:06,16528.74,DEBIT,Airtel Postpaid,223511.04
TXN5001149,100020003072,2026-07-13 02:21:30,6400.01,DEBIT,Flipkart,217111.03
TXN5001150,100020003073,2026-01-22 21:19:18,58895.44,CREDIT,Cash Deposit - CDM,83232.56
TXN5001151,100020003073,2026-02-02 00:20:49,14673.86,CREDIT,FD Interest Credit,97906.42
TXN5001152,100020003073,2026-02-12 10:14:14,18680.33,DEBIT,D-Mart,79226.09
TXN5001153,100020003073,2026-02-23 22:25:25,4097.88,DEBIT,Electricity Bill Payment,75128.21
TXN5001154,100020003073,2026-03-06 08:30:34,12672.24,DEBIT,Flipkart,62455.97
TXN5001155,100020003073,2026-03-16 06:15:59,447.96,DEBIT,Zomato,62008.01
TXN5001156,100020003073,2026-03-27 11:11:06,13711.24,CREDIT,Cash Deposit - CDM,75719.25
TXN5001157,100020003073,2026-04-06 08:13:38,69393.18,CREDIT,Cash Deposit - CDM,145112.43
TXN5001158,100020003073,2026-04-17 18:40:19,17483.51,DEBIT,Swiggy,127628.92
TXN5001159,100020003073,2026-04-27 22:54:38,14382.79,CREDIT,FD Interest Credit,142011.71
TXN5001160,100020003073,2026-05-09 02:01:39,12904.85,DEBIT,Indian Oil Petrol Pump,129106.86
TXN5001161,100020003073,2026-05-18 19:18:08,10147.54,CREDIT,Salary Credit - ACME Corp,139254.4
TXN5001162,100020003073,2026-05-29 19:11:06,9095.14,DEBIT,D-Mart,130159.26
TXN5001163,100020003073,2026-06-09 10:12:01,8270.07,DEBIT,Flipkart,121889.19
TXN5001164,100020003073,2026-06-19 20:10:53,18430.74,DEBIT,BookMyShow,103458.45
TXN5001165,100020003073,2026-07-01 00:29:34,13892.51,DEBIT,D-Mart,89565.94
TXN5001166,100020003073,2026-07-11 14:49:16,21433.67,DEBIT,ATM Cash Withdrawal,68132.27
TXN5001167,100020003074,2026-01-23 03:50:16,418.37,DEBIT,BookMyShow,138222.86
TXN5001168,100020003074,2026-01-30 12:55:31,11007.65,DEBIT,BookMyShow,127215.21
TXN5001169,100020003074,2026-02-07 13:11:18,9930.81,DEBIT,Uber Rides,117284.4
TXN5001170,100020003074,2026-02-15 06:57:05,23139.73,DEBIT,Swiggy,94144.67
TXN5001171,100020003074,2026-02-22 14:09:26,26058.74,CREDIT,Cash Deposit - CDM,120203.41
TXN5001172,100020003074,2026-03-03 04:41:13,5898.45,DEBIT,Indian Oil Petrol Pump,114304.96
TXN5001173,100020003074,2026-03-10 21:39:40,17866.0,DEBIT,Airtel Postpaid,96438.96
TXN5001174,100020003074,2026-03-18 14:19:48,60272.83,CREDIT,Investment Dividend,156711.79
TXN5001175,100020003074,2026-03-26 04:27:17,23758.46,DEBIT,HP Fuel Station,132953.33
TXN5001176,100020003074,2026-04-03 04:00:30,11420.41,DEBIT,Flipkart,121532.92
TXN5001177,100020003074,2026-04-10 17:34:38,15746.44,DEBIT,Swiggy,105786.48
TXN5001178,100020003074,2026-04-18 08:06:00,62443.12,CREDIT,Investment Dividend,168229.6
TXN5001179,100020003074,2026-04-26 19:29:14,29314.84,CREDIT,Client NEFT Payment,197544.44
TXN5001180,100020003074,2026-05-04 06:53:09,15618.49,DEBIT,MakeMyTrip,181925.95
TXN5001181,100020003074,2026-05-11 20:42:05,57800.34,CREDIT,Investment Dividend,239726.29
TXN5001182,100020003074,2026-05-19 19:32:15,12307.23,DEBIT,D-Mart,227419.06
TXN5001183,100020003074,2026-05-27 23:32:08,40999.15,CREDIT,Salary Credit - ACME Corp,268418.21
TXN5001184,100020003074,2026-06-05 05:12:18,10817.12,DEBIT,Flipkart,257601.09
TXN5001185,100020003074,2026-06-12 11:22:35,9470.78,DEBIT,HP Fuel Station,248130.31
TXN5001186,100020003074,2026-06-19 22:51:32,16519.33,DEBIT,MakeMyTrip,231610.98
TXN5001187,100020003074,2026-06-28 01:05:40,37369.49,CREDIT,UPI Credit from Friend,268980.47
TXN5001188,100020003074,2026-07-05 21:08:48,19123.88,DEBIT,Airtel Postpaid,249856.59
TXN5001189,100020003074,2026-07-14 01:40:27,17165.82,DEBIT,Airtel Postpaid,232690.77
TXN5001190,100020003075,2026-01-22 16:43:18,38494.69,CREDIT,Investment Dividend,152744.05
TXN5001191,100020003075,2026-01-30 07:26:50,9507.16,DEBIT,BookMyShow,143236.89
TXN5001192,100020003075,2026-02-07 05:25:06,24715.73,CREDIT,Salary Credit - ACME Corp,167952.62
TXN5001193,100020003075,2026-02-15 06:56:57,9223.61,DEBIT,MakeMyTrip,158729.01
TXN5001194,100020003075,2026-02-23 06:24:48,22294.44,DEBIT,Reliance Fresh,136434.57
TXN5001195,100020003075,2026-03-02 17:33:50,24799.44,DEBIT,Indian Oil Petrol Pump,111635.13
TXN5001196,100020003075,2026-03-10 12:41:12,6265.59,DEBIT,BookMyShow,105369.54
TXN5001197,100020003075,2026-03-18 07:34:22,17230.98,DEBIT,ATM Cash Withdrawal,88138.56
TXN5001198,100020003075,2026-03-26 03:13:35,590.83,DEBIT,Reliance Fresh,87547.73
TXN5001199,100020003075,2026-04-02 16:37:54,10619.58,DEBIT,Electricity Bill Payment,76928.15
TXN5001200,100020003075,2026-04-11 09:11:40,17429.37,DEBIT,Airtel Postpaid,59498.78
TXN5001201,100020003075,2026-04-18 07:55:13,13617.1,DEBIT,Reliance Fresh,45881.68
TXN5001202,100020003075,2026-04-26 16:57:13,8404.19,CREDIT,Client NEFT Payment,54285.87
TXN5001203,100020003075,2026-05-04 03:58:50,17639.12,DEBIT,BookMyShow,36646.75
TXN5001204,100020003075,2026-05-12 03:00:50,5389.68,DEBIT,Indian Oil Petrol Pump,31257.07
TXN5001205,100020003075,2026-05-19 19:32:00,12181.68,DEBIT,Flipkart,19075.39
TXN5001206,100020003075,2026-05-28 06:41:10,2263.83,DEBIT,Amazon India,16811.56
TXN5001207,100020003075,2026-06-04 13:28:44,5430.19,DEBIT,Airtel Postpaid,11381.37
TXN5001208,100020003075,2026-06-12 19:59:55,3858.78,DEBIT,Flipkart,7522.59
TXN5001209,100020003075,2026-06-20 12:12:00,1747.76,DEBIT,Electricity Bill Payment,5774.83
TXN5001210,100020003075,2026-06-28 05:13:40,1858.34,DEBIT,BookMyShow,3916.49
TXN5001211,100020003075,2026-07-06 09:25:02,539.85,DEBIT,BookMyShow,3376.64
TXN5001212,100020003075,2026-07-13 22:25:57,603.14,DEBIT,Airtel Postpaid,2773.5
TXN5001213,100020003076,2026-01-22 16:10:38,14364.46,CREDIT,Salary Credit - ACME Corp,489137.64
TXN5001214,100020003076,2026-01-30 08:22:05,4744.82,DEBIT,HP Fuel Station,484392.82
TXN5001215,100020003076,2026-02-06 10:24:38,55923.39,CREDIT,Investment Dividend,540316.21
TXN5001216,100020003076,2026-02-13 23:43:49,20242.44,DEBIT,ATM Cash Withdrawal,520073.77
TXN5001217,100020003076,2026-02-21 23:45:31,14196.3,DEBIT,BookMyShow,505877.47
TXN5001218,100020003076,2026-02-28 18:44:13,11615.92,DEBIT,Zomato,494261.55
TXN5001219,100020003076,2026-03-08 08:54:40,7576.86,DEBIT,Indian Oil Petrol Pump,486684.69
TXN5001220,100020003076,2026-03-16 03:08:45,68424.2,CREDIT,Client NEFT Payment,555108.89
TXN5001221,100020003076,2026-03-23 10:11:06,20610.4,DEBIT,BookMyShow,534498.49
TXN5001222,100020003076,2026-03-30 21:09:13,5979.63,DEBIT,Zomato,528518.86
TXN5001223,100020003076,2026-04-07 08:01:30,6215.11,DEBIT,ATM Cash Withdrawal,522303.75
TXN5001224,100020003076,2026-04-15 00:45:10,24783.2,DEBIT,Indian Oil Petrol Pump,497520.55
TXN5001225,100020003076,2026-04-22 20:49:33,4068.03,DEBIT,Swiggy,493452.52
TXN5001226,100020003076,2026-04-29 17:59:57,21555.13,CREDIT,Cash Deposit - CDM,515007.65
TXN5001227,100020003076,2026-05-07 09:31:24,72320.23,CREDIT,Investment Dividend,587327.88
TXN5001230,100020003076,2026-05-15 12:04:24,22422.99,DEBIT,Reliance Fresh,564904.89
TXN5001229,100020003076,2026-05-22 19:44:17,67642.54,CREDIT,Investment Dividend,632547.43
TXN5001230,100020003076,2026-05-30 14:49:20,22154.41,DEBIT,Indian Oil Petrol Pump,610393.02
TXN5001231,100020003076,2026-06-07 03:56:08,11401.45,CREDIT,Salary Credit - ACME Corp,621794.47
TXN5001232,100020003076,2026-06-14 07:00:11,3104.0,DEBIT,BookMyShow,618690.47
TXN5001233,100020003076,2026-06-22 01:11:43,69935.12,CREDIT,FD Interest Credit,688625.59
TXN5001234,100020003076,2026-06-29 05:12:52,15035.55,DEBIT,MakeMyTrip,673590.04
TXN5001235,100020003076,2026-07-07 00:39:37,14649.72,DEBIT,Indian Oil Petrol Pump,658940.32
TXN5001236,100020003076,2026-07-14 12:38:24,70227.01,CREDIT,UPI Credit from Friend,729167.33
TXN5001237,100020003077,2026-01-22 07:51:48,6936.23,DEBIT,Indian Oil Petrol Pump,680688.46
TXN5001238,100020003077,2026-02-06 11:24:11,12309.93,DEBIT,Reliance Fresh,668378.53
TXN5001239,100020003077,2026-02-21 22:05:26,13689.05,DEBIT,HP Fuel Station,654689.48
TXN5001240,100020003077,2026-03-08 21:41:08,66078.08,CREDIT,UPI Credit from Friend,720767.56
TXN5001241,100020003077,2026-03-23 14:00:42,61781.04,CREDIT,Salary Credit - ACME Corp,782548.6
TXN5001242,100020003077,2026-04-07 20:47:21,3575.9,CREDIT,Client NEFT Payment,786124.5
TXN5001243,100020003077,2026-04-22 21:11:35,52110.5,CREDIT,Client NEFT Payment,838235.0
TXN5001244,100020003077,2026-05-07 11:03:07,7800.79,DEBIT,Uber Rides,830434.21
TXN5001245,100020003077,2026-05-22 14:00:30,10031.98,CREDIT,UPI Credit from Friend,840466.19
TXN5001246,100020003077,2026-06-07 01:53:00,22753.75,DEBIT,Indian Oil Petrol Pump,817712.44
TXN5001247,100020003077,2026-06-22 03:33:36,23265.72,CREDIT,UPI Credit from Friend,840978.16
TXN5001248,100020003077,2026-07-06 12:26:16,12856.82,CREDIT,Investment Dividend,853834.98
TXN5001249,100020003078,2026-01-23 02:24:25,31065.37,CREDIT,Salary Credit - ACME Corp,508640.33
TXN5001250,100020003078,2026-02-01 11:52:36,19508.47,DEBIT,HP Fuel Station,489131.86
TXN5001251,100020003078,2026-02-11 16:36:21,21044.97,DEBIT,Uber Rides,468086.89
TXN5001252,100020003078,2026-02-21 15:26:11,8429.27,CREDIT,UPI Credit from Friend,476516.16
TXN5001253,100020003078,2026-03-03 22:03:48,8861.22,DEBIT,Airtel Postpaid,467654.94
TXN5001254,100020003078,2026-03-13 22:48:05,8236.53,DEBIT,Uber Rides,459418.41
TXN5001255,100020003078,2026-03-23 05:57:22,16075.65,DEBIT,BookMyShow,443342.76
TXN5001256,100020003078,2026-04-02 15:56:29,176.59,DEBIT,Zomato,443166.17
TXN5001257,100020003078,2026-04-12 20:22:44,2147.58,DEBIT,Swiggy,441018.59
TXN5001258,100020003078,2026-04-22 11:17:25,57802.94,CREDIT,Client NEFT Payment,498821.53
TXN5001259,100020003078,2026-05-02 23:36:56,51745.75,CREDIT,FD Interest Credit,550567.28
TXN5001260,100020003078,2026-05-12 16:08:08,10879.73,CREDIT,UPI Credit from Friend,561447.01
TXN5001261,100020003078,2026-05-22 21:47:56,60165.12,CREDIT,UPI Credit from Friend,621612.13
TXN5001262,100020003078,2026-06-01 07:19:31,9898.01,DEBIT,Indian Oil Petrol Pump,611714.12
TXN5001263,100020003078,2026-06-12 03:58:26,17612.05,CREDIT,Salary Credit - ACME Corp,629326.17
TXN5001264,100020003078,2026-06-22 03:27:16,15703.02,DEBIT,Flipkart,613623.15
TXN5001265,100020003078,2026-07-02 04:40:44,17561.4,DEBIT,Swiggy,596061.75
TXN5001266,100020003078,2026-07-11 06:29:40,15049.78,DEBIT,Swiggy,581011.97
TXN5001267,100020003079,2026-01-23 04:17:33,3112.23,DEBIT,Amazon India,10413.52
TXN5001268,100020003079,2026-02-09 22:32:45,3840.13,DEBIT,HP Fuel Station,6573.39
TXN5001269,100020003079,2026-02-28 01:09:14,667.8,DEBIT,Zomato,5905.59
TXN5001270,100020003079,2026-03-17 09:52:22,58877.02,CREDIT,FD Interest Credit,64782.61
TXN5001271,100020003079,2026-04-04 23:12:52,10839.58,DEBIT,Zomato,53943.03
TXN5001272,100020003079,2026-04-22 19:42:06,21939.58,CREDIT,Client NEFT Payment,75882.61
TXN5001273,100020003079,2026-05-10 09:50:40,19832.34,DEBIT,Amazon India,56050.27
TXN5001274,100020003079,2026-05-28 12:15:52,13886.69,DEBIT,Zomato,42163.58
TXN5001275,100020003079,2026-06-15 14:10:16,7781.32,DEBIT,Amazon India,34382.26
TXN5001276,100020003079,2026-07-03 16:33:10,73105.54,CREDIT,Investment Dividend,107487.8
TXN5001277,100020003080,2026-01-22 22:25:11,55471.7,CREDIT,FD Interest Credit,293091.14
TXN5001278,100020003080,2026-02-04 03:37:28,1397.6,DEBIT,Zomato,291693.54
TXN5001279,100020003080,2026-02-17 09:44:42,15198.72,DEBIT,BookMyShow,276494.82
TXN5001280,100020003080,2026-03-02 18:13:37,18731.22,DEBIT,Amazon India,257763.6
TXN5001281,100020003080,2026-03-14 15:42:51,9585.35,DEBIT,Indian Oil Petrol Pump,248178.25
TXN5001282,100020003080,2026-03-28 04:16:02,22316.43,DEBIT,Amazon India,225861.82
TXN5001283,100020003080,2026-04-09 22:39:36,12643.29,DEBIT,Reliance Fresh,213218.53
TXN5001284,100020003080,2026-04-23 02:22:09,8001.2,DEBIT,Electricity Bill Payment,205217.33
TXN5001285,100020003080,2026-05-05 12:15:41,7900.41,DEBIT,Swiggy,197316.92
TXN5001286,100020003080,2026-05-18 10:25:25,21794.05,CREDIT,FD Interest Credit,219110.97
TXN5001287,100020003080,2026-05-31 17:14:37,21935.72,DEBIT,Airtel Postpaid,197175.25
TXN5001288,100020003080,2026-06-13 11:29:44,39255.98,CREDIT,Investment Dividend,236431.23
TXN5001289,100020003080,2026-06-26 09:34:52,24864.67,DEBIT,MakeMyTrip,211566.56
TXN5001290,100020003080,2026-07-09 07:31:46,23079.03,DEBIT,BookMyShow,188487.53
TXN5001291,100020003081,2026-01-22 06:34:37,5823.53,DEBIT,Amazon India,341730.95
TXN5001292,100020003081,2026-01-30 20:56:57,11731.61,DEBIT,Flipkart,329999.34
TXN5001293,100020003081,2026-02-08 13:54:43,4018.59,CREDIT,FD Interest Credit,334017.93
TXN5001294,100020003081,2026-02-16 18:07:20,11498.22,DEBIT,Flipkart,322519.71
TXN5001295,100020003081,2026-02-24 19:03:16,10150.41,CREDIT,Salary Credit - ACME Corp,332670.12
TXN5001296,100020003081,2026-03-04 08:00:27,20890.35,DEBIT,Uber Rides,311779.77
TXN5001297,100020003081,2026-03-12 19:41:28,22283.27,DEBIT,Airtel Postpaid,289496.5
TXN5001298,100020003081,2026-03-20 16:56:34,1305.3,CREDIT,Cash Deposit - CDM,290801.8
TXN5001299,100020003081,2026-03-28 20:32:33,19215.65,CREDIT,Investment Dividend,310017.45
TXN5001300,100020003081,2026-04-06 12:49:06,2921.2,CREDIT,Client NEFT Payment,312938.65
TXN5001301,100020003081,2026-04-15 00:29:17,9401.6,DEBIT,Flipkart,303537.05
TXN5001302,100020003081,2026-04-23 01:23:14,2118.47,DEBIT,ATM Cash Withdrawal,301418.58
TXN5001303,100020003081,2026-05-01 02:38:54,15746.08,DEBIT,D-Mart,285672.5
TXN5001304,100020003081,2026-05-09 04:17:16,24247.29,DEBIT,BookMyShow,261425.21
TXN5001305,100020003081,2026-05-17 09:19:39,23690.72,DEBIT,Uber Rides,237734.49
TXN5001306,100020003081,2026-05-25 20:31:10,10569.69,CREDIT,Salary Credit - ACME Corp,248304.18
TXN5001307,100020003081,2026-06-02 22:21:19,19973.86,DEBIT,Uber Rides,228330.32
TXN5001308,100020003081,2026-06-10 09:10:44,29222.93,CREDIT,Investment Dividend,257553.25
TXN5001309,100020003081,2026-06-18 17:58:09,19294.85,DEBIT,Indian Oil Petrol Pump,238258.4
TXN5001310,100020003081,2026-06-26 18:20:58,13057.61,CREDIT,Investment Dividend,251316.01
TXN5001311,100020003081,2026-07-05 03:24:39,49400.76,CREDIT,Salary Credit - ACME Corp,300716.77
TXN5001312,100020003081,2026-07-13 08:06:04,55455.81,CREDIT,FD Interest Credit,356172.58
TXN5001313,100020003082,2026-01-22 13:55:00,9249.68,DEBIT,Zomato,125467.99
TXN5001314,100020003082,2026-02-06 17:03:02,36256.54,CREDIT,Cash Deposit - CDM,161724.53
TXN5001315,100020003082,2026-02-21 19:42:28,10621.16,DEBIT,Reliance Fresh,151103.37
TXN5001316,100020003082,2026-03-08 20:01:57,10707.83,DEBIT,Amazon India,140395.54
TXN5001317,100020003082,2026-03-23 17:37:12,51056.56,CREDIT,Client NEFT Payment,191452.1
TXN5001318,100020003082,2026-04-07 21:46:10,12433.52,DEBIT,BookMyShow,179018.58
TXN5001319,100020003082,2026-04-22 20:49:59,11758.66,DEBIT,Flipkart,167259.92
TXN5001320,100020003082,2026-05-08 03:04:22,3800.3,DEBIT,Swiggy,163459.62
TXN5001321,100020003082,2026-05-22 21:43:24,6291.47,DEBIT,Indian Oil Petrol Pump,157168.15
TXN5001322,100020003082,2026-06-06 12:23:29,2005.66,DEBIT,Amazon India,155162.49
TXN5001323,100020003082,2026-06-21 17:37:18,10384.18,DEBIT,HP Fuel Station,144778.31
TXN5001324,100020003082,2026-07-06 21:09:37,6409.17,DEBIT,D-Mart,138369.14
TXN5001325,100020003083,2026-01-22 23:44:50,18538.85,DEBIT,HP Fuel Station,355906.71
TXN5001326,100020003083,2026-02-09 09:36:32,9884.64,DEBIT,Flipkart,346022.07
TXN5001327,100020003083,2026-02-27 15:17:23,24232.03,CREDIT,Client NEFT Payment,370254.1
TXN5001328,100020003083,2026-03-17 16:13:11,15632.88,DEBIT,D-Mart,354621.22
TXN5001329,100020003083,2026-04-04 13:29:30,60940.44,CREDIT,UPI Credit from Friend,415561.66
TXN5001330,100020003083,2026-04-22 09:44:31,45699.91,CREDIT,Client NEFT Payment,461261.57
TXN5001331,100020003083,2026-05-10 07:51:06,245.59,DEBIT,Flipkart,461015.98
TXN5001332,100020003083,2026-05-28 05:37:08,11558.06,DEBIT,Indian Oil Petrol Pump,449457.92
TXN5001333,100020003083,2026-06-16 02:09:02,45539.67,CREDIT,Investment Dividend,494997.59
TXN5001334,100020003083,2026-07-03 12:34:01,46639.12,CREDIT,Client NEFT Payment,541636.71
TXN5001335,100020003084,2026-01-23 00:36:40,3464.34,DEBIT,Zomato,225353.57
TXN5001336,100020003084,2026-01-31 07:59:08,24265.96,DEBIT,ATM Cash Withdrawal,201087.61
TXN5001337,100020003084,2026-02-09 05:56:36,3714.34,DEBIT,Zomato,197373.27
TXN5001338,100020003084,2026-02-18 15:45:31,19771.29,DEBIT,Zomato,177601.98
TXN5001339,100020003084,2026-02-27 07:21:57,11964.26,CREDIT,Investment Dividend,189566.24
TXN5001340,100020003084,2026-03-08 05:49:24,3895.31,DEBIT,Uber Rides,185670.93
TXN5001341,100020003084,2026-03-17 15:59:10,588.73,DEBIT,HP Fuel Station,185082.2
TXN5001342,100020003084,2026-03-26 19:20:43,14278.82,DEBIT,ATM Cash Withdrawal,170803.38
TXN5001343,100020003084,2026-04-04 14:42:05,2656.32,DEBIT,ATM Cash Withdrawal,168147.06
TXN5001344,100020003084,2026-04-13 22:24:50,63797.6,CREDIT,Client NEFT Payment,231944.66
TXN5001345,100020003084,2026-04-22 19:11:15,74927.95,CREDIT,Salary Credit - ACME Corp,306872.61
TXN5001346,100020003084,2026-05-01 16:59:59,14816.88,DEBIT,Airtel Postpaid,292055.73
TXN5001347,100020003084,2026-05-11 03:44:47,65204.93,CREDIT,UPI Credit from Friend,357260.66
TXN5001348,100020003084,2026-05-19 22:26:34,10607.91,DEBIT,Reliance Fresh,346652.75
TXN5001349,100020003084,2026-05-28 18:34:40,16242.68,DEBIT,HP Fuel Station,330410.07
TXN5001350,100020003084,2026-06-06 08:06:23,16189.88,DEBIT,HP Fuel Station,314220.19
TXN5001351,100020003084,2026-06-15 22:02:24,7271.47,DEBIT,Zomato,306948.72
TXN5001352,100020003084,2026-06-24 16:33:41,12740.14,DEBIT,Airtel Postpaid,294208.58
TXN5001353,100020003084,2026-07-04 03:07:03,15092.29,DEBIT,ATM Cash Withdrawal,279116.29
TXN5001354,100020003084,2026-07-12 22:27:52,22091.02,DEBIT,Uber Rides,257025.27
TXN5001355,100020003086,2026-01-23 04:20:06,50809.94,CREDIT,Client NEFT Payment,85856.11
TXN5001356,100020003086,2026-01-31 13:56:45,24276.45,DEBIT,Swiggy,61579.66
TXN5001357,100020003086,2026-02-09 20:13:26,18480.6,DEBIT,BookMyShow,43099.06
TXN5001358,100020003086,2026-02-18 16:53:21,2779.16,DEBIT,HP Fuel Station,40319.9
TXN5001359,100020003086,2026-02-27 07:43:17,16028.06,DEBIT,D-Mart,24291.84
TXN5001360,100020003086,2026-03-08 10:55:59,9709.63,DEBIT,Reliance Fresh,14582.21
TXN5001361,100020003086,2026-03-18 02:26:29,1009.27,DEBIT,ATM Cash Withdrawal,13572.94
TXN5001362,100020003086,2026-03-27 01:55:36,4399.66,DEBIT,Reliance Fresh,9173.28
TXN5001363,100020003086,2026-04-04 15:38:05,530.77,DEBIT,Zomato,8642.51
TXN5001364,100020003086,2026-04-13 16:58:21,59081.55,CREDIT,Salary Credit - ACME Corp,67724.06
TXN5001365,100020003086,2026-04-22 23:46:55,22418.31,DEBIT,ATM Cash Withdrawal,45305.75
TXN5001366,100020003086,2026-05-01 21:51:47,12165.68,DEBIT,Uber Rides,33140.07
TXN5001367,100020003086,2026-05-10 06:30:35,60125.03,CREDIT,Salary Credit - ACME Corp,93265.1
TXN5001368,100020003086,2026-05-20 04:41:30,46114.53,CREDIT,Salary Credit - ACME Corp,139379.63
TXN5001369,100020003086,2026-05-29 01:03:59,2724.74,DEBIT,BookMyShow,136654.89
TXN5001370,100020003086,2026-06-06 08:07:59,9104.8,DEBIT,Uber Rides,127550.09
TXN5001371,100020003086,2026-06-15 12:18:38,12696.83,DEBIT,Uber Rides,114853.26
TXN5001372,100020003086,2026-06-25 02:11:30,9157.05,DEBIT,ATM Cash Withdrawal,105696.21
TXN5001373,100020003086,2026-07-03 08:36:23,33494.03,CREDIT,Investment Dividend,139190.24
TXN5001374,100020003086,2026-07-12 23:45:40,20886.85,DEBIT,HP Fuel Station,118303.39
TXN5001375,100020003088,2026-01-22 12:10:55,6723.79,DEBIT,Uber Rides,216652.47
TXN5001376,100020003088,2026-02-01 23:24:58,16658.38,DEBIT,Swiggy,199994.09
TXN5001377,100020003088,2026-02-11 23:22:36,19701.67,DEBIT,Swiggy,180292.42
TXN5001378,100020003088,2026-02-22 00:32:32,10291.8,DEBIT,HP Fuel Station,170000.62
TXN5001379,100020003088,2026-03-04 04:08:38,17086.75,DEBIT,Amazon India,152913.87
TXN5001380,100020003088,2026-03-13 15:55:18,54104.3,CREDIT,Cash Deposit - CDM,207018.17
TXN5001381,100020003088,2026-03-24 03:56:50,7938.63,DEBIT,MakeMyTrip,199079.54
TXN5001382,100020003088,2026-04-02 09:14:37,19003.89,DEBIT,BookMyShow,180075.65
TXN5001383,100020003088,2026-04-13 03:26:25,14406.48,DEBIT,BookMyShow,165669.17
TXN5001384,100020003088,2026-04-23 04:49:15,65810.19,CREDIT,FD Interest Credit,231479.36
TXN5001385,100020003088,2026-05-02 15:21:47,52858.49,CREDIT,FD Interest Credit,284337.85
TXN5001386,100020003088,2026-05-12 22:37:01,8669.52,DEBIT,ATM Cash Withdrawal,275668.33
TXN5001387,100020003088,2026-05-22 12:00:52,23019.22,DEBIT,Uber Rides,252649.11
TXN5001388,100020003088,2026-06-01 14:59:39,22200.74,DEBIT,Airtel Postpaid,230448.37
TXN5001389,100020003088,2026-06-12 00:13:12,17467.03,DEBIT,MakeMyTrip,212981.34
TXN5001390,100020003088,2026-06-22 00:03:26,5012.66,DEBIT,D-Mart,207968.68
TXN5001391,100020003088,2026-07-01 07:19:21,9810.84,DEBIT,Uber Rides,198157.84
TXN5001392,100020003088,2026-07-11 23:03:39,24798.91,DEBIT,D-Mart,173358.93
TXN5001393,100020003089,2026-01-22 07:31:39,13081.26,DEBIT,MakeMyTrip,790930.3
TXN5001394,100020003089,2026-02-04 17:07:39,22268.95,DEBIT,Electricity Bill Payment,768661.35
TXN5001395,100020003089,2026-02-17 12:39:46,19376.53,DEBIT,Uber Rides,749284.82
TXN5001396,100020003089,2026-03-02 05:09:36,18326.46,DEBIT,ATM Cash Withdrawal,730958.36
TXN5001397,100020003089,2026-03-15 00:32:13,8926.39,DEBIT,Amazon India,722031.97
TXN5001398,100020003089,2026-03-28 06:18:51,34206.53,CREDIT,Cash Deposit - CDM,756238.5
TXN5001399,100020003089,2026-04-10 02:24:46,24575.47,DEBIT,MakeMyTrip,731663.03
TXN5001400,100020003089,2026-04-22 23:11:52,17894.71,DEBIT,BookMyShow,713768.32
TXN5001401,100020003089,2026-05-05 17:50:37,18304.0,CREDIT,FD Interest Credit,732072.32
TXN5001402,100020003089,2026-05-18 05:16:17,53899.23,CREDIT,Client NEFT Payment,785971.55
TXN5001403,100020003089,2026-05-30 22:22:24,18464.06,DEBIT,Flipkart,767507.49
TXN5001404,100020003089,2026-06-12 23:27:14,20588.78,DEBIT,Reliance Fresh,746918.71
TXN5001405,100020003089,2026-06-25 23:03:37,10699.73,DEBIT,Indian Oil Petrol Pump,736218.98
TXN5001406,100020003089,2026-07-08 10:41:42,22223.88,DEBIT,HP Fuel Station,713995.1
TXN5001407,100020003090,2026-01-22 16:00:28,13203.76,DEBIT,Airtel Postpaid,233153.71
TXN5001408,100020003090,2026-02-04 15:17:11,65529.09,CREDIT,Cash Deposit - CDM,298682.8
TXN5001409,100020003090,2026-02-17 10:24:52,11057.99,DEBIT,HP Fuel Station,287624.81
TXN5001410,100020003090,2026-03-02 12:34:31,4154.79,DEBIT,Electricity Bill Payment,283470.02
TXN5001411,100020003090,2026-03-14 18:38:11,10574.5,CREDIT,Client NEFT Payment,294044.52
TXN5001412,100020003090,2026-03-28 00:28:24,17392.32,DEBIT,HP Fuel Station,276652.2
TXN5001413,100020003090,2026-04-09 20:05:20,70861.15,CREDIT,FD Interest Credit,347513.35
TXN5001414,100020003090,2026-04-23 03:25:14,21322.71,DEBIT,Flipkart,326190.64
TXN5001415,100020003090,2026-05-05 04:46:19,1103.03,DEBIT,Swiggy,325087.61
TXN5001416,100020003090,2026-05-18 01:16:06,9424.05,DEBIT,D-Mart,315663.56
TXN5001417,100020003090,2026-05-31 06:40:34,11518.35,CREDIT,Cash Deposit - CDM,327181.91
TXN5001418,100020003090,2026-06-13 01:42:27,23582.13,CREDIT,FD Interest Credit,350764.04
TXN5001419,100020003090,2026-06-25 17:19:51,37170.73,CREDIT,Salary Credit - ACME Corp,387934.77
TXN5001420,100020003090,2026-07-08 21:52:09,1212.59,DEBIT,HP Fuel Station,386722.18
TXN5001421,100020003091,2026-01-22 18:52:41,58819.85,CREDIT,Investment Dividend,451671.55
TXN5001422,100020003091,2026-02-02 15:26:40,10827.91,CREDIT,UPI Credit from Friend,462499.46
TXN5001423,100020003091,2026-02-12 21:38:58,11303.24,DEBIT,HP Fuel Station,451196.22
TXN5001424,100020003091,2026-02-23 03:13:42,7609.31,CREDIT,Cash Deposit - CDM,458805.53
TXN5001425,100020003091,2026-03-06 05:43:06,5897.27,DEBIT,Indian Oil Petrol Pump,452908.26
TXN5001426,100020003091,2026-03-16 12:01:26,16794.05,DEBIT,HP Fuel Station,436114.21
TXN5001427,100020003091,2026-03-27 11:40:03,21662.24,DEBIT,Uber Rides,414451.97
TXN5001428,100020003091,2026-04-06 08:43:07,19312.72,DEBIT,D-Mart,395139.25
TXN5001429,100020003091,2026-04-17 11:42:21,14027.89,DEBIT,Zomato,381111.36
TXN5001430,100020003091,2026-04-28 11:16:57,18964.62,DEBIT,Airtel Postpaid,362146.74
TXN5001431,100020003091,2026-05-08 14:59:54,38195.27,CREDIT,Salary Credit - ACME Corp,400342.01
TXN5001432,100020003091,2026-05-18 19:28:50,14301.01,CREDIT,Salary Credit - ACME Corp,414643.02
TXN5001433,100020003091,2026-05-29 13:18:38,20759.29,DEBIT,ATM Cash Withdrawal,393883.73
TXN5001434,100020003091,2026-06-09 18:07:58,20192.33,DEBIT,Airtel Postpaid,373691.4
TXN5001435,100020003091,2026-06-19 18:38:14,12337.68,DEBIT,Amazon India,361353.72
TXN5001436,100020003091,2026-06-30 09:13:24,699.02,DEBIT,Electricity Bill Payment,360654.7
TXN5001437,100020003091,2026-07-10 22:47:57,2954.65,DEBIT,Flipkart,357700.05
TXN5001438,100020003092,2026-01-22 09:20:08,5822.41,DEBIT,Flipkart,50407.94
TXN5001439,100020003092,2026-01-29 13:48:04,51217.03,CREDIT,Salary Credit - ACME Corp,101624.97
TXN5001440,100020003092,2026-02-06 05:38:50,776.56,DEBIT,Amazon India,100848.41
TXN5001441,100020003092,2026-02-13 02:51:08,3647.27,DEBIT,Reliance Fresh,97201.14
TXN5001442,100020003092,2026-02-20 06:41:24,67563.11,CREDIT,Salary Credit - ACME Corp,164764.25
TXN5001443,100020003092,2026-02-27 10:09:40,44366.15,CREDIT,Investment Dividend,209130.4
TXN5001230,100020003092,2026-03-06 22:18:24,23738.99,DEBIT,D-Mart,185391.41
TXN5001445,100020003092,2026-03-13 16:21:18,10236.2,DEBIT,HP Fuel Station,175155.21
TXN5001446,100020003092,2026-03-20 20:23:36,22852.0,DEBIT,Amazon India,152303.21
TXN5001447,100020003092,2026-03-28 06:57:34,50957.21,CREDIT,UPI Credit from Friend,203260.42
TXN5001448,100020003092,2026-04-04 23:36:40,3226.73,DEBIT,Airtel Postpaid,200033.69
TXN5001449,100020003092,2026-04-11 19:51:42,15931.39,DEBIT,Zomato,184102.3
TXN5001450,100020003092,2026-04-19 09:41:20,13556.95,DEBIT,Swiggy,170545.35
TXN5001451,100020003092,2026-04-26 14:28:06,10651.44,DEBIT,Electricity Bill Payment,159893.91
TXN5001452,100020003092,2026-05-03 11:20:29,11669.84,DEBIT,ATM Cash Withdrawal,148224.07
TXN5001453,100020003092,2026-05-10 20:11:50,4267.8,DEBIT,Amazon India,143956.27
TXN5001454,100020003092,2026-05-18 08:30:14,14986.91,DEBIT,ATM Cash Withdrawal,128969.36
TXN5001455,100020003092,2026-05-25 07:13:11,63340.46,CREDIT,UPI Credit from Friend,192309.82
TXN5001456,100020003092,2026-06-01 09:44:37,1232.57,DEBIT,Uber Rides,191077.25
TXN5001457,100020003092,2026-06-08 13:19:04,2333.91,DEBIT,Uber Rides,188743.34
TXN5001458,100020003092,2026-06-15 08:15:04,13956.33,DEBIT,D-Mart,174787.01
TXN5001459,100020003092,2026-06-23 07:10:42,12670.02,DEBIT,MakeMyTrip,162116.99
TXN5001460,100020003092,2026-06-29 22:32:20,8631.62,DEBIT,D-Mart,153485.37
TXN5001461,100020003092,2026-07-07 19:12:40,21202.97,CREDIT,Client NEFT Payment,174688.34
TXN5001462,100020003092,2026-07-15 00:05:32,11549.0,DEBIT,Airtel Postpaid,163139.34
TXN5001463,100020003093,2026-01-22 05:40:51,16196.44,DEBIT,Amazon India,764509.88
TXN5001464,100020003093,2026-02-01 19:54:38,338.51,DEBIT,Swiggy,764171.37
TXN5001465,100020003093,2026-02-11 15:12:56,53044.18,CREDIT,Investment Dividend,817215.55
TXN5001466,100020003093,2026-02-21 18:12:54,49033.2,CREDIT,Salary Credit - ACME Corp,866248.75
TXN5001467,100020003093,2026-03-03 18:13:38,61388.19,CREDIT,Investment Dividend,927636.94
TXN5001468,100020003093,2026-03-13 21:26:01,20338.25,DEBIT,ATM Cash Withdrawal,907298.69
TXN5001469,100020003093,2026-03-23 19:43:52,20994.73,DEBIT,MakeMyTrip,886303.96
TXN5001470,100020003093,2026-04-02 22:01:42,11621.04,DEBIT,Zomato,874682.92
TXN5001471,100020003093,2026-04-12 15:58:10,592.56,DEBIT,D-Mart,874090.36
TXN5001472,100020003093,2026-04-22 21:37:59,15171.86,CREDIT,Cash Deposit - CDM,889262.22
TXN5001473,100020003093,2026-05-02 20:18:19,17364.93,CREDIT,Investment Dividend,906627.15
TXN5001474,100020003093,2026-05-13 04:30:53,12371.66,DEBIT,Uber Rides,894255.49
TXN5001475,100020003093,2026-05-22 22:16:01,4982.56,DEBIT,ATM Cash Withdrawal,889272.93
TXN5001476,100020003093,2026-06-01 20:37:20,7005.95,DEBIT,Electricity Bill Payment,882266.98
TXN5001477,100020003093,2026-06-11 17:09:22,16529.98,DEBIT,Airtel Postpaid,865737.0
TXN5001478,100020003093,2026-06-21 21:25:55,4470.67,DEBIT,Airtel Postpaid,861266.33
TXN5001479,100020003093,2026-07-01 08:22:39,6564.65,DEBIT,Airtel Postpaid,854701.68
TXN5001480,100020003093,2026-07-12 01:49:52,54938.52,CREDIT,FD Interest Credit,909640.2
TXN5001481,100020003094,2026-01-23 01:38:37,13853.88,DEBIT,BookMyShow,21851.18
TXN5001482,100020003094,2026-02-04 14:39:42,4939.67,DEBIT,HP Fuel Station,16911.51
TXN5001483,100020003094,2026-02-16 22:29:22,4585.94,DEBIT,BookMyShow,12325.57
TXN5001484,100020003094,2026-03-01 20:15:31,33008.56,CREDIT,Investment Dividend,45334.13
TXN5001485,100020003094,2026-03-14 22:09:44,8514.26,DEBIT,Reliance Fresh,36819.87
TXN5001486,100020003094,2026-03-28 00:34:16,10649.97,DEBIT,Amazon India,26169.9
TXN5001487,100020003094,2026-04-09 15:23:55,4753.78,DEBIT,Amazon India,21416.12
TXN5001488,100020003094,2026-04-22 14:42:16,7551.31,DEBIT,MakeMyTrip,13864.81
TXN5001489,100020003094,2026-05-05 02:28:48,73379.08,CREDIT,Investment Dividend,87243.89
TXN5001490,100020003094,2026-05-18 21:25:45,15568.88,CREDIT,FD Interest Credit,102812.77
TXN5001491,100020003094,2026-05-31 02:28:24,2508.48,DEBIT,HP Fuel Station,100304.29
TXN5001492,100020003094,2026-06-13 01:57:08,19950.8,DEBIT,Reliance Fresh,80353.49
TXN5001493,100020003094,2026-06-26 08:19:45,11892.06,DEBIT,Reliance Fresh,68461.43
TXN5001494,100020003094,2026-07-09 04:42:31,39455.95,CREDIT,UPI Credit from Friend,107917.38
TXN5001495,100020003095,2026-01-22 23:55:04,19126.05,DEBIT,BookMyShow,152791.83
TXN5001496,100020003095,2026-02-09 16:00:53,24365.69,DEBIT,Amazon India,128426.14
TXN5001497,100020003095,2026-02-27 14:21:26,52308.91,CREDIT,UPI Credit from Friend,180735.05
TXN5001498,100020003095,2026-03-17 06:47:16,5054.37,CREDIT,Cash Deposit - CDM,185789.42
TXN5001499,100020003095,2026-04-04 20:19:41,16971.35,DEBIT,Electricity Bill Payment,168818.07
TXN5001500,100020003095,2026-04-22 06:33:09,30724.55,CREDIT,Cash Deposit - CDM,199542.62
TXN5001501,100020003095,2026-05-10 23:20:49,15029.44,DEBIT,BookMyShow,184513.18
TXN5001502,100020003095,2026-05-28 20:16:33,11658.81,DEBIT,Indian Oil Petrol Pump,172854.37
TXN5001503,100020003095,2026-06-16 02:25:06,8556.45,DEBIT,BookMyShow,164297.92
TXN5001504,100020003095,2026-07-04 00:05:24,8272.02,DEBIT,Zomato,156025.9
TXN5001505,100020003096,2026-01-22 07:45:51,1781.86,DEBIT,MakeMyTrip,228711.83
TXN5001506,100020003096,2026-02-08 10:12:20,10322.64,CREDIT,Cash Deposit - CDM,239034.47
TXN5001507,100020003096,2026-02-24 04:54:18,18143.11,DEBIT,HP Fuel Station,220891.36
TXN5001508,100020003096,2026-03-12 11:56:37,1197.36,DEBIT,Swiggy,219694.0
TXN5001509,100020003096,2026-03-28 23:41:20,23997.56,DEBIT,MakeMyTrip,195696.44
TXN5001510,100020003096,2026-04-14 09:31:19,13574.48,DEBIT,Swiggy,182121.96
TXN5001511,100020003096,2026-04-30 13:12:04,8638.22,DEBIT,Reliance Fresh,173483.74
TXN5001512,100020003096,2026-05-17 17:40:38,16476.15,DEBIT,Swiggy,157007.59
TXN5001513,100020003096,2026-06-02 04:29:37,20895.86,DEBIT,ATM Cash Withdrawal,136111.73
TXN5001514,100020003096,2026-06-18 13:09:21,24415.12,DEBIT,BookMyShow,111696.61
TXN5001515,100020003096,2026-07-05 18:22:35,26274.84,CREDIT,Client NEFT Payment,137971.45
TXN5001516,100020003097,2026-01-22 21:58:28,45382.41,CREDIT,FD Interest Credit,124892.92
TXN5001517,100020003097,2026-01-30 21:34:26,8457.95,DEBIT,D-Mart,116434.97
TXN5001518,100020003097,2026-02-07 07:00:02,11412.12,DEBIT,MakeMyTrip,105022.85
TXN5001519,100020003097,2026-02-15 14:37:52,23006.84,DEBIT,BookMyShow,82016.01
TXN5001520,100020003097,2026-02-22 17:57:24,15635.61,DEBIT,Zomato,66380.4
TXN5001521,100020003097,2026-03-02 19:58:05,61284.3,CREDIT,Client NEFT Payment,127664.7
TXN5001522,100020003097,2026-03-10 13:16:41,20669.5,DEBIT,Amazon India,106995.2
TXN5001523,100020003097,2026-03-18 08:47:24,847.44,DEBIT,Flipkart,106147.76
TXN5001524,100020003097,2026-03-25 23:19:34,15820.23,DEBIT,MakeMyTrip,90327.53
TXN5001525,100020003097,2026-04-03 00:22:20,15735.09,CREDIT,FD Interest Credit,106062.62
TXN5001526,100020003097,2026-04-10 15:44:24,54193.91,CREDIT,FD Interest Credit,160256.53
TXN5001527,100020003097,2026-04-19 03:43:39,4980.09,DEBIT,Swiggy,155276.44
TXN5001528,100020003097,2026-04-26 23:26:31,2553.54,CREDIT,Client NEFT Payment,157829.98
TXN5001529,100020003097,2026-05-04 02:19:58,22136.79,DEBIT,Reliance Fresh,135693.19
TXN5001530,100020003097,2026-05-12 17:19:54,6079.73,DEBIT,MakeMyTrip,129613.46
TXN5001531,100020003097,2026-05-19 23:37:39,13220.48,DEBIT,MakeMyTrip,116392.98
TXN5001532,100020003097,2026-05-28 10:27:42,66000.7,CREDIT,Salary Credit - ACME Corp,182393.68
TXN5001533,100020003097,2026-06-04 09:11:13,10678.81,CREDIT,UPI Credit from Friend,193072.49
TXN5001534,100020003097,2026-06-12 06:46:11,9418.96,DEBIT,Airtel Postpaid,183653.53
TXN5001535,100020003097,2026-06-20 08:18:16,23033.24,DEBIT,MakeMyTrip,160620.29
TXN5001536,100020003097,2026-06-28 08:36:22,13433.16,DEBIT,MakeMyTrip,147187.13
TXN5001537,100020003097,2026-07-05 17:12:47,15773.53,DEBIT,D-Mart,131413.6
TXN5001538,100020003097,2026-07-14 06:25:19,72660.44,CREDIT,Investment Dividend,204074.04
TXN5001539,100020003098,2026-01-22 22:45:18,59533.79,CREDIT,Cash Deposit - CDM,203571.31
TXN5001540,100020003098,2026-02-04 03:25:41,18807.57,DEBIT,BookMyShow,184763.74
TXN5001541,100020003098,2026-02-17 16:28:11,13020.42,DEBIT,Swiggy,171743.32
TXN5001542,100020003098,2026-03-02 02:44:16,17393.29,DEBIT,Uber Rides,154350.03
TXN5001543,100020003098,2026-03-15 14:31:25,14571.55,DEBIT,BookMyShow,139778.48
TXN5001544,100020003098,2026-03-28 10:15:55,1011.45,DEBIT,Zomato,138767.03
TXN5001545,100020003098,2026-04-10 06:12:20,5936.18,DEBIT,Zomato,132830.85
TXN5001546,100020003098,2026-04-22 12:38:37,43281.41,CREDIT,FD Interest Credit,176112.26
TXN5001547,100020003098,2026-05-05 07:58:47,18815.41,DEBIT,D-Mart,157296.85
TXN5001548,100020003098,2026-05-18 09:06:39,14640.66,DEBIT,HP Fuel Station,142656.19
TXN5001549,100020003098,2026-05-31 07:18:30,11333.66,DEBIT,Indian Oil Petrol Pump,131322.53
TXN5001550,100020003098,2026-06-13 01:24:01,24459.51,CREDIT,Investment Dividend,155782.04
TXN5001551,100020003098,2026-06-25 12:45:00,6714.06,DEBIT,Flipkart,149067.98
TXN5001552,100020003098,2026-07-08 17:20:47,21080.82,DEBIT,Electricity Bill Payment,127987.16
TXN5001553,100020003099,2026-01-22 20:44:51,69568.84,CREDIT,Salary Credit - ACME Corp,238480.62
TXN5001554,100020003099,2026-01-29 12:56:45,13696.05,DEBIT,Reliance Fresh,224784.57
TXN5001555,100020003099,2026-02-05 19:37:09,7637.62,DEBIT,ATM Cash Withdrawal,217146.95
TXN5001556,100020003099,2026-02-13 14:08:36,15107.54,CREDIT,Cash Deposit - CDM,232254.49
TXN5001557,100020003099,2026-02-21 00:27:06,56676.37,CREDIT,Client NEFT Payment,288930.86
TXN5001558,100020003099,2026-02-27 18:20:05,19274.89,DEBIT,D-Mart,269655.97
TXN5001559,100020003099,2026-03-07 05:50:06,30882.02,CREDIT,Investment Dividend,300537.99
TXN5001560,100020003099,2026-03-14 10:37:28,1879.91,CREDIT,Client NEFT Payment,302417.9
TXN5001561,100020003099,2026-03-21 08:00:12,12046.8,CREDIT,Investment Dividend,314464.7
TXN5001562,100020003099,2026-03-28 05:57:42,16530.75,CREDIT,UPI Credit from Friend,330995.45
TXN5001563,100020003099,2026-04-04 17:40:46,57063.98,CREDIT,Client NEFT Payment,388059.43
TXN5001564,100020003099,2026-04-12 05:38:43,2238.31,DEBIT,ATM Cash Withdrawal,385821.12
TXN5001565,100020003099,2026-04-18 19:24:29,52647.65,CREDIT,UPI Credit from Friend,438468.77
TXN5001566,100020003099,2026-04-26 06:13:41,3227.7,CREDIT,UPI Credit from Friend,441696.47
TXN5001567,100020003099,2026-05-03 14:21:36,23589.51,DEBIT,Amazon India,418106.96
TXN5001568,100020003099,2026-05-10 17:17:42,8931.09,DEBIT,Zomato,409175.87
TXN5001569,100020003099,2026-05-17 20:09:33,10143.88,DEBIT,MakeMyTrip,399031.99
TXN5001570,100020003099,2026-05-25 07:28:20,14715.18,DEBIT,Airtel Postpaid,384316.81
TXN5001571,100020003099,2026-06-01 14:32:54,12373.15,CREDIT,FD Interest Credit,396689.96
TXN5001572,100020003099,2026-06-08 14:08:11,68617.66,CREDIT,Cash Deposit - CDM,465307.62
TXN5001573,100020003099,2026-06-16 02:06:23,16111.14,CREDIT,Investment Dividend,481418.76
TXN5001574,100020003099,2026-06-22 11:37:43,11921.96,DEBIT,Reliance Fresh,469496.8
TXN5001575,100020003099,2026-06-30 04:34:05,22379.12,DEBIT,Flipkart,447117.68
TXN5001576,100020003099,2026-07-06 23:48:50,4523.14,DEBIT,ATM Cash Withdrawal,442594.54
TXN5001577,100020003099,2026-07-14 17:02:11,4748.63,DEBIT,Flipkart,437845.91
TXN5001578,100020003100,2026-01-22 12:06:41,16523.29,DEBIT,Flipkart,111607.13
TXN5001579,100020003100,2026-01-31 16:12:42,375.07,DEBIT,Reliance Fresh,111232.06
TXN5001580,100020003100,2026-02-10 01:55:58,4010.18,DEBIT,Flipkart,107221.88
TXN5001581,100020003100,2026-02-18 08:23:56,18604.25,DEBIT,Indian Oil Petrol Pump,88617.63
TXN5001582,100020003100,2026-02-28 04:13:19,10614.99,CREDIT,UPI Credit from Friend,99232.62
TXN5001583,100020003100,2026-03-08 12:44:02,50194.66,CREDIT,UPI Credit from Friend,149427.28
TXN5001584,100020003100,2026-03-17 19:47:19,44474.4,CREDIT,Cash Deposit - CDM,193901.68
TXN5001585,100020003100,2026-03-26 22:30:08,5122.4,DEBIT,Swiggy,188779.28
TXN5001586,100020003100,2026-04-04 15:59:50,45758.8,CREDIT,UPI Credit from Friend,234538.08
TXN5001587,100020003100,2026-04-13 17:55:13,66063.71,CREDIT,Investment Dividend,300601.79
TXN5001588,100020003100,2026-04-22 16:24:16,2368.46,DEBIT,BookMyShow,298233.33
TXN5001589,100020003100,2026-05-02 02:26:37,17537.88,DEBIT,Uber Rides,280695.45
TXN5001590,100020003100,2026-05-11 00:18:58,20603.4,DEBIT,ATM Cash Withdrawal,260092.05
TXN5001591,100020003100,2026-05-19 09:30:10,22509.12,DEBIT,Uber Rides,237582.93
TXN5001592,100020003100,2026-05-28 15:40:10,16511.09,DEBIT,Uber Rides,221071.84
TXN5001593,100020003100,2026-06-06 18:56:47,23647.62,DEBIT,Zomato,197424.22
TXN5001594,100020003100,2026-06-16 02:33:10,22075.64,DEBIT,Electricity Bill Payment,175348.58
TXN5001595,100020003100,2026-06-24 12:18:18,52655.26,CREDIT,Client NEFT Payment,228003.84
TXN5001596,100020003100,2026-07-04 02:57:12,31434.58,CREDIT,Cash Deposit - CDM,259438.42
TXN5001597,100020003100,2026-07-12 08:12:33,18909.38,DEBIT,Electricity Bill Payment,240529.04
TXN5001598,100020003101,2026-01-22 15:08:31,5263.57,DEBIT,Amazon India,411723.66
TXN5001599,100020003101,2026-02-01 16:23:30,17392.69,DEBIT,Uber Rides,394330.97
TXN5001600,100020003101,2026-02-11 16:23:07,10043.61,DEBIT,Zomato,384287.36
TXN5001601,100020003101,2026-02-21 14:49:12,2955.6,DEBIT,Swiggy,381331.76
TXN5001602,100020003101,2026-03-03 13:09:01,36872.18,CREDIT,Salary Credit - ACME Corp,418203.94
TXN5001603,100020003101,2026-03-13 07:16:51,17868.18,DEBIT,HP Fuel Station,400335.76
TXN5001604,100020003101,2026-03-23 08:39:57,63275.63,CREDIT,UPI Credit from Friend,463611.39
TXN5001605,100020003101,2026-04-03 01:25:25,4513.19,DEBIT,Flipkart,459098.2
TXN5001606,100020003101,2026-04-12 18:07:53,2031.87,DEBIT,MakeMyTrip,457066.33
TXN5001607,100020003101,2026-04-22 05:34:08,11072.38,DEBIT,Swiggy,445993.95
TXN5001608,100020003101,2026-05-02 10:29:59,16908.6,DEBIT,Zomato,429085.35
TXN5001609,100020003101,2026-05-12 15:54:33,15906.28,DEBIT,Electricity Bill Payment,413179.07
TXN5001610,100020003101,2026-05-22 20:41:02,67378.73,CREDIT,Investment Dividend,480557.8
TXN5001611,100020003101,2026-06-01 21:52:05,14995.31,DEBIT,Amazon India,465562.49
TXN5001612,100020003101,2026-06-11 23:50:15,69732.72,CREDIT,FD Interest Credit,535295.21
TXN5001613,100020003101,2026-06-22 03:06:36,499.36,DEBIT,Amazon India,534795.85
TXN5001614,100020003101,2026-07-02 05:02:34,4884.58,DEBIT,BookMyShow,529911.27
TXN5001615,100020003101,2026-07-11 06:48:57,8148.64,CREDIT,Client NEFT Payment,538059.91
TXN5001616,100020003102,2026-01-22 22:40:34,12861.25,DEBIT,ATM Cash Withdrawal,224532.73
TXN5001617,100020003102,2026-02-05 09:27:32,4819.73,DEBIT,Zomato,219713.0
TXN5001618,100020003102,2026-02-19 20:20:20,10754.22,DEBIT,Zomato,208958.78
TXN5001619,100020003102,2026-03-04 23:21:13,4423.18,DEBIT,Indian Oil Petrol Pump,204535.6
TXN5001620,100020003102,2026-03-19 06:13:35,5397.92,DEBIT,Zomato,199137.68
TXN5001621,100020003102,2026-04-01 12:25:21,49095.93,CREDIT,FD Interest Credit,248233.61
TXN5001622,100020003102,2026-04-15 08:12:01,31421.17,CREDIT,Cash Deposit - CDM,279654.78
TXN5001623,100020003102,2026-04-29 15:26:36,53727.3,CREDIT,Cash Deposit - CDM,333382.08
TXN5001624,100020003102,2026-05-13 03:52:35,45390.17,CREDIT,Client NEFT Payment,378772.25
TXN5001625,100020003102,2026-05-27 12:46:50,24311.93,DEBIT,Uber Rides,354460.32
TXN5001626,100020003102,2026-06-09 19:34:01,19066.74,DEBIT,Uber Rides,335393.58
TXN5001627,100020003102,2026-06-23 20:18:56,36677.65,CREDIT,FD Interest Credit,372071.23
TXN5001628,100020003102,2026-07-07 09:24:56,34219.46,CREDIT,Cash Deposit - CDM,406290.69
TXN5001629,100020003103,2026-01-22 17:22:54,1983.58,CREDIT,Salary Credit - ACME Corp,670557.06
TXN5001630,100020003103,2026-02-03 20:05:31,23854.8,CREDIT,Client NEFT Payment,694411.86
TXN5001631,100020003103,2026-02-15 15:35:01,2076.8,DEBIT,Swiggy,692335.06
TXN5001632,100020003103,2026-02-27 14:17:18,3876.6,DEBIT,Zomato,688458.46
TXN5001633,100020003103,2026-03-11 20:42:31,18160.18,DEBIT,HP Fuel Station,670298.28
TXN5001634,100020003103,2026-03-23 23:02:31,7025.35,DEBIT,BookMyShow,663272.93
TXN5001635,100020003103,2026-04-05 00:11:13,19815.32,DEBIT,Indian Oil Petrol Pump,643457.61
TXN5001636,100020003103,2026-04-16 20:51:10,689.96,DEBIT,ATM Cash Withdrawal,642767.65
TXN5001637,100020003103,2026-04-28 22:53:19,5224.85,DEBIT,Amazon India,637542.8
TXN5001638,100020003103,2026-05-11 03:03:32,6283.62,DEBIT,BookMyShow,631259.18
TXN5001639,100020003103,2026-05-22 22:00:37,21830.37,DEBIT,Electricity Bill Payment,609428.81
TXN5001640,100020003103,2026-06-03 13:01:08,250.46,DEBIT,ATM Cash Withdrawal,609178.35
TXN5001641,100020003103,2026-06-15 17:05:57,4855.91,CREDIT,UPI Credit from Friend,614034.26
TXN5001642,100020003103,2026-06-28 03:49:06,4424.53,DEBIT,Electricity Bill Payment,609609.73
TXN5001643,100020003103,2026-07-10 01:14:56,18486.95,CREDIT,Salary Credit - ACME Corp,628096.68
TXN5001644,100020003104,2026-01-22 22:41:58,18069.68,DEBIT,Zomato,204734.56
TXN5001645,100020003104,2026-01-31 05:11:25,7647.21,DEBIT,Airtel Postpaid,197087.35
TXN5001646,100020003104,2026-02-08 19:29:12,6869.33,DEBIT,MakeMyTrip,190218.02
TXN5001647,100020003104,2026-02-17 09:59:26,27609.06,CREDIT,Investment Dividend,217827.08
TXN5001648,100020003104,2026-02-25 16:11:00,12681.78,DEBIT,Uber Rides,205145.3
TXN5001649,100020003104,2026-03-06 12:16:25,23848.56,DEBIT,HP Fuel Station,181296.74
TXN5001650,100020003104,2026-03-14 16:03:39,21365.65,DEBIT,MakeMyTrip,159931.09
TXN5001651,100020003104,2026-03-24 03:03:17,13476.22,DEBIT,Electricity Bill Payment,146454.87
TXN5001652,100020003104,2026-04-01 12:27:13,11644.92,DEBIT,HP Fuel Station,134809.95
TXN5001653,100020003104,2026-04-09 15:31:33,12073.02,DEBIT,Reliance Fresh,122736.93
TXN5001654,100020003104,2026-04-18 01:43:20,3952.64,DEBIT,Zomato,118784.29
TXN5001655,100020003104,2026-04-26 12:15:26,55047.28,CREDIT,FD Interest Credit,173831.57
TXN5001656,100020003104,2026-05-05 13:39:58,70581.09,CREDIT,Client NEFT Payment,244412.66
TXN5001657,100020003104,2026-05-14 00:32:27,16062.11,DEBIT,Airtel Postpaid,228350.55
TXN5001658,100020003104,2026-05-22 07:00:34,74442.96,CREDIT,Salary Credit - ACME Corp,302793.51
TXN5001659,100020003104,2026-05-31 04:14:59,4936.28,DEBIT,Indian Oil Petrol Pump,297857.23
TXN5001660,100020003104,2026-06-09 07:41:55,56616.73,CREDIT,FD Interest Credit,354473.96
TXN5001661,100020003104,2026-06-17 10:40:23,17243.39,DEBIT,Uber Rides,337230.57
TXN5001662,100020003104,2026-06-25 13:32:30,10658.6,DEBIT,Zomato,326571.97
TXN5001663,100020003104,2026-07-04 07:41:15,20346.85,DEBIT,BookMyShow,306225.12
TXN5001664,100020003104,2026-07-13 08:32:34,16675.32,DEBIT,Swiggy,289549.8
TXN5001665,100020003105,2026-01-22 19:49:49,11905.19,CREDIT,UPI Credit from Friend,214053.79
TXN5001666,100020003105,2026-02-03 01:45:05,63272.18,CREDIT,Salary Credit - ACME Corp,277325.97
TXN5001667,100020003105,2026-02-13 20:06:04,17819.08,DEBIT,Indian Oil Petrol Pump,259506.89
TXN5001668,100020003105,2026-02-25 08:50:37,22534.79,DEBIT,Electricity Bill Payment,236972.1
TXN5001669,100020003105,2026-03-09 03:08:19,13270.95,CREDIT,Investment Dividend,250243.05
TXN5001670,100020003105,2026-03-19 17:22:07,24195.32,DEBIT,BookMyShow,226047.73
TXN5001671,100020003105,2026-03-31 14:34:46,18374.94,DEBIT,MakeMyTrip,207672.79
TXN5001672,100020003105,2026-04-11 20:20:00,7576.63,CREDIT,Client NEFT Payment,215249.42
TXN5001673,100020003105,2026-04-22 19:02:33,61252.87,CREDIT,FD Interest Credit,276502.29
TXN5001674,100020003105,2026-05-04 05:16:09,30449.8,CREDIT,FD Interest Credit,306952.09
TXN5001675,100020003105,2026-05-14 17:27:14,12343.91,DEBIT,Flipkart,294608.18
TXN5001676,100020003105,2026-05-26 00:58:33,13171.55,DEBIT,BookMyShow,281436.63
TXN5001677,100020003105,2026-06-06 12:13:12,4492.39,DEBIT,Swiggy,276944.24
TXN5001678,100020003105,2026-06-18 04:11:49,4631.41,DEBIT,Flipkart,272312.83
TXN5001679,100020003105,2026-06-29 04:06:56,14737.22,CREDIT,Salary Credit - ACME Corp,287050.05
TXN5001680,100020003105,2026-07-10 17:17:52,15199.48,CREDIT,Investment Dividend,302249.53
TXN5001681,100020003106,2026-01-22 20:20:38,21722.21,DEBIT,Swiggy,218711.25
TXN5001682,100020003106,2026-01-30 11:34:44,3204.57,DEBIT,Flipkart,215506.68
TXN5001683,100020003106,2026-02-07 22:14:19,11999.64,DEBIT,BookMyShow,203507.04
TXN5001684,100020003106,2026-02-16 12:38:36,6725.41,DEBIT,Amazon India,196781.63
TXN5001685,100020003106,2026-02-24 14:43:19,4097.59,CREDIT,UPI Credit from Friend,200879.22
TXN5001686,100020003106,2026-03-04 15:39:14,15114.32,DEBIT,MakeMyTrip,185764.9
TXN5001687,100020003106,2026-03-12 13:51:42,18947.1,DEBIT,Airtel Postpaid,166817.8
TXN5001688,100020003106,2026-03-20 22:09:07,22264.79,DEBIT,Reliance Fresh,144553.01
TXN5001689,100020003106,2026-03-29 11:48:47,50215.79,CREDIT,Investment Dividend,194768.8
TXN5001690,100020003106,2026-04-06 11:13:55,65607.73,CREDIT,Salary Credit - ACME Corp,260376.53
TXN5001691,100020003106,2026-04-14 01:00:36,30733.82,CREDIT,UPI Credit from Friend,291110.35
TXN5001692,100020003106,2026-04-22 05:54:58,13312.67,DEBIT,Uber Rides,277797.68
TXN5001693,100020003106,2026-05-01 03:41:52,11352.76,DEBIT,BookMyShow,266444.92
TXN5001694,100020003106,2026-05-09 05:50:24,10386.85,DEBIT,Zomato,256058.07
TXN5001695,100020003106,2026-05-16 18:27:57,23554.25,DEBIT,Reliance Fresh,232503.82
TXN5001696,100020003106,2026-05-24 23:09:12,1239.28,DEBIT,MakeMyTrip,231264.54
TXN5001697,100020003106,2026-06-02 20:46:39,5915.61,DEBIT,HP Fuel Station,225348.93
TXN5001698,100020003106,2026-06-10 17:05:08,2126.09,DEBIT,Indian Oil Petrol Pump,223222.84
TXN5001699,100020003106,2026-06-19 10:23:00,36233.02,CREDIT,Client NEFT Payment,259455.86
TXN5001700,100020003106,2026-06-27 12:46:45,55336.55,CREDIT,FD Interest Credit,314792.41
TXN5001701,100020003106,2026-07-05 11:08:41,65369.55,CREDIT,Cash Deposit - CDM,380161.96
TXN5001702,100020003106,2026-07-13 19:46:22,3349.19,CREDIT,Investment Dividend,383511.15
TXN5001703,100020003107,2026-01-22 12:31:55,13763.79,DEBIT,ATM Cash Withdrawal,477456.26
TXN5001704,100020003107,2026-02-09 16:30:11,71673.79,CREDIT,Investment Dividend,549130.05
TXN5001705,100020003107,2026-02-27 21:12:11,5369.86,DEBIT,MakeMyTrip,543760.19
TXN5001706,100020003107,2026-03-18 03:57:39,2726.19,DEBIT,Uber Rides,541034.0
TXN5001707,100020003107,2026-04-04 06:00:04,25161.06,CREDIT,Investment Dividend,566195.06
TXN5001708,100020003107,2026-04-22 23:41:28,6514.95,DEBIT,HP Fuel Station,559680.11
TXN5001709,100020003107,2026-05-11 04:08:09,16670.36,DEBIT,Electricity Bill Payment,543009.75
TXN5001710,100020003107,2026-05-28 20:30:18,19908.96,DEBIT,Reliance Fresh,523100.79
TXN5001711,100020003107,2026-06-16 02:13:35,57708.97,CREDIT,Cash Deposit - CDM,580809.76
TXN5001712,100020003107,2026-07-03 06:51:06,22763.16,DEBIT,Uber Rides,558046.6
TXN5001713,100020003108,2026-01-22 20:59:38,72502.35,CREDIT,Investment Dividend,316469.01
TXN5001714,100020003108,2026-02-01 00:42:09,2980.68,DEBIT,Flipkart,313488.33
TXN5001715,100020003108,2026-02-09 07:58:22,14845.79,DEBIT,Zomato,298642.54
TXN5001716,100020003108,2026-02-18 23:10:14,9256.65,DEBIT,ATM Cash Withdrawal,289385.89
TXN5001717,100020003108,2026-02-27 12:49:14,18449.26,DEBIT,D-Mart,270936.63
TXN5001718,100020003108,2026-03-08 06:47:06,21193.25,DEBIT,Indian Oil Petrol Pump,249743.38
TXN5001719,100020003108,2026-03-17 12:58:16,17014.62,DEBIT,MakeMyTrip,232728.76
TXN5001720,100020003108,2026-03-26 08:19:52,14810.32,DEBIT,Flipkart,217918.44
TXN5001721,100020003108,2026-04-04 14:47:14,11569.01,DEBIT,Swiggy,206349.43
TXN5001722,100020003108,2026-04-14 00:53:14,5550.72,DEBIT,BookMyShow,200798.71
TXN5001723,100020003108,2026-04-22 16:14:19,3732.18,DEBIT,BookMyShow,197066.53
TXN5001724,100020003108,2026-05-02 01:40:44,3541.45,CREDIT,FD Interest Credit,200607.98
TXN5001725,100020003108,2026-05-10 12:42:47,10136.34,CREDIT,Client NEFT Payment,210744.32
TXN5001726,100020003108,2026-05-19 19:04:30,5471.06,DEBIT,D-Mart,205273.26
TXN5001727,100020003108,2026-05-28 22:11:57,24530.46,DEBIT,Reliance Fresh,180742.8
TXN5001728,100020003108,2026-06-06 08:57:52,63757.18,CREDIT,UPI Credit from Friend,244499.98
TXN5001729,100020003108,2026-06-15 22:06:34,21649.25,DEBIT,Swiggy,222850.73
TXN5001730,100020003108,2026-06-25 01:51:45,23133.53,CREDIT,Client NEFT Payment,245984.26
TXN5001731,100020003108,2026-07-04 03:11:48,636.99,DEBIT,Indian Oil Petrol Pump,245347.27
TXN5001732,100020003108,2026-07-12 13:23:51,24758.83,DEBIT,MakeMyTrip,220588.44
TXN5001733,100020003109,2026-01-22 14:41:07,7147.69,DEBIT,Uber Rides,57078.09
TXN5001734,100020003109,2026-02-01 03:27:12,41552.74,CREDIT,Salary Credit - ACME Corp,98630.83
TXN5001735,100020003109,2026-02-09 08:26:29,43948.39,CREDIT,Salary Credit - ACME Corp,142579.22
TXN5001736,100020003109,2026-02-19 01:41:43,34857.41,CREDIT,UPI Credit from Friend,177436.63
TXN5001737,100020003109,2026-02-27 19:09:05,12112.8,DEBIT,Swiggy,165323.83
TXN5001738,100020003109,2026-03-08 10:20:03,15478.48,CREDIT,Client NEFT Payment,180802.31
TXN5001739,100020003109,2026-03-17 05:31:08,43600.48,CREDIT,Client NEFT Payment,224402.79
TXN5001740,100020003109,2026-03-27 00:09:06,28865.13,CREDIT,Investment Dividend,253267.92
TXN5001741,100020003109,2026-04-04 21:36:23,1502.65,DEBIT,Reliance Fresh,251765.27
TXN5001742,100020003109,2026-04-14 04:40:46,1406.56,DEBIT,Electricity Bill Payment,250358.71
TXN5001743,100020003109,2026-04-22 20:54:07,24246.2,DEBIT,BookMyShow,226112.51
TXN5001744,100020003109,2026-05-01 22:38:27,3058.18,DEBIT,Indian Oil Petrol Pump,223054.33
TXN5001745,100020003109,2026-05-10 17:01:36,23868.43,DEBIT,BookMyShow,199185.9
TXN5001746,100020003109,2026-05-19 23:11:04,74346.13,CREDIT,Client NEFT Payment,273532.03
TXN5001747,100020003109,2026-05-28 21:06:15,65002.29,CREDIT,Client NEFT Payment,338534.32
TXN5001748,100020003109,2026-06-06 14:28:12,11183.45,DEBIT,Amazon India,327350.87
TXN5001749,100020003109,2026-06-15 08:10:47,12301.54,DEBIT,BookMyShow,315069.33
TXN5001750,100020003109,2026-06-25 03:06:12,14712.58,DEBIT,Airtel Postpaid,300356.75
TXN5001751,100020003109,2026-07-03 16:48:28,2454.38,DEBIT,Airtel Postpaid,297902.37
TXN5001752,100020003109,2026-07-12 09:38:46,16150.46,DEBIT,Indian Oil Petrol Pump,281751.91
TXN5001753,100020003110,2026-01-22 19:00:50,1339.17,DEBIT,ATM Cash Withdrawal,47698.34
TXN5001754,100020003110,2026-02-02 14:30:10,15527.69,DEBIT,Amazon India,32170.65
TXN5001755,100020003110,2026-02-12 18:59:10,58977.12,CREDIT,Cash Deposit - CDM,91147.77
TXN5001756,100020003110,2026-02-23 11:22:41,14659.57,DEBIT,Uber Rides,76488.2
TXN5001757,100020003110,2026-03-06 09:25:20,18862.35,DEBIT,Zomato,57625.85
TXN5001758,100020003110,2026-03-17 03:03:51,14369.15,CREDIT,Cash Deposit - CDM,71995.0
TXN5001759,100020003110,2026-03-27 10:41:27,11236.1,DEBIT,Reliance Fresh,60758.9
TXN5001760,100020003110,2026-04-06 11:04:35,5091.5,DEBIT,Swiggy,55667.4
TXN5001761,100020003110,2026-04-17 00:20:55,16793.24,DEBIT,Flipkart,38874.16
TXN5001762,100020003110,2026-04-28 11:52:37,5716.87,DEBIT,Electricity Bill Payment,33157.29
TXN5001763,100020003110,2026-05-08 06:35:41,49703.79,CREDIT,UPI Credit from Friend,82861.08
TXN5001764,100020003110,2026-05-18 23:48:30,39438.79,CREDIT,FD Interest Credit,122299.87
TXN5001765,100020003110,2026-05-29 22:31:53,14469.08,DEBIT,Uber Rides,107830.79
TXN5001766,100020003110,2026-06-09 04:20:23,74762.99,CREDIT,Cash Deposit - CDM,182593.78
TXN5001767,100020003110,2026-06-19 23:51:50,2565.33,DEBIT,ATM Cash Withdrawal,180028.45
TXN5001768,100020003110,2026-06-30 02:08:17,3627.52,DEBIT,ATM Cash Withdrawal,176400.93
TXN5001769,100020003110,2026-07-11 11:09:54,45558.68,CREDIT,UPI Credit from Friend,221959.61
TXN5001770,100020003111,2026-01-22 11:57:26,32229.11,CREDIT,Cash Deposit - CDM,855033.06
TXN5001771,100020003111,2026-01-31 22:47:14,22601.13,DEBIT,Indian Oil Petrol Pump,832431.93
TXN5001772,100020003111,2026-02-10 14:58:56,51062.9,CREDIT,Client NEFT Payment,883494.83
TXN5001773,100020003111,2026-02-19 18:50:34,15776.25,DEBIT,D-Mart,867718.58
TXN5001774,100020003111,2026-03-02 02:39:43,4896.42,DEBIT,Reliance Fresh,862822.16
TXN5001775,100020003111,2026-03-11 03:40:09,12834.54,DEBIT,Swiggy,849987.62
TXN5001776,100020003111,2026-03-20 11:34:58,24811.98,DEBIT,Indian Oil Petrol Pump,825175.64
TXN5001777,100020003111,2026-03-29 21:58:24,19314.83,CREDIT,FD Interest Credit,844490.47
TXN5001778,100020003111,2026-04-08 03:14:17,13754.38,DEBIT,Flipkart,830736.09
TXN5001779,100020003111,2026-04-17 19:31:12,22740.21,DEBIT,MakeMyTrip,807995.88
TXN5001780,100020003111,2026-04-27 05:32:31,17706.64,CREDIT,Salary Credit - ACME Corp,825702.52
TXN5001781,100020003111,2026-05-06 12:42:11,17444.69,CREDIT,Salary Credit - ACME Corp,843147.21
TXN5001782,100020003111,2026-05-16 16:30:23,13209.24,DEBIT,D-Mart,829937.97
TXN5001783,100020003111,2026-05-25 23:13:16,8070.0,CREDIT,FD Interest Credit,838007.97
TXN5001784,100020003111,2026-06-04 13:16:07,41814.13,CREDIT,Cash Deposit - CDM,879822.1
TXN5001785,100020003111,2026-06-13 10:12:13,8018.11,DEBIT,MakeMyTrip,871803.99
TXN5001786,100020003111,2026-06-23 04:32:38,18558.3,DEBIT,MakeMyTrip,853245.69
TXN5001787,100020003111,2026-07-02 19:19:24,21255.79,DEBIT,HP Fuel Station,831989.9
TXN5001788,100020003111,2026-07-12 08:08:48,17197.79,DEBIT,Uber Rides,814792.11
TXN5001789,100020003112,2026-01-22 21:04:52,11737.12,DEBIT,D-Mart,39772.23
TXN5001790,100020003112,2026-02-06 06:34:06,73112.99,CREDIT,Client NEFT Payment,112885.22
TXN5001791,100020003112,2026-02-21 23:57:37,10514.27,DEBIT,HP Fuel Station,102370.95
TXN5001792,100020003112,2026-03-08 09:41:39,60086.7,CREDIT,Cash Deposit - CDM,162457.65
TXN5001793,100020003112,2026-03-23 12:11:00,39524.01,CREDIT,Client NEFT Payment,201981.66
TXN5001794,100020003112,2026-04-08 02:27:11,23583.87,CREDIT,Salary Credit - ACME Corp,225565.53
TXN5001795,100020003112,2026-04-23 04:02:19,7887.15,DEBIT,Flipkart,217678.38
TXN5001796,100020003112,2026-05-07 20:31:55,6076.91,DEBIT,Flipkart,211601.47
TXN5001797,100020003112,2026-05-22 09:15:45,18610.9,DEBIT,Electricity Bill Payment,192990.57
TXN5001798,100020003112,2026-06-07 03:36:35,1791.41,CREDIT,Investment Dividend,194781.98
TXN5001799,100020003112,2026-06-21 21:32:55,11095.7,CREDIT,Investment Dividend,205877.68
TXN5001800,100020003112,2026-07-06 17:39:36,66717.96,CREDIT,Client NEFT Payment,272595.64
TXN5001801,100020003113,2026-01-22 15:01:52,22781.07,DEBIT,Uber Rides,49236.41
TXN5001802,100020003113,2026-02-07 14:12:07,10569.86,DEBIT,Reliance Fresh,38666.55
TXN5001803,100020003113,2026-02-24 04:36:56,71364.26,CREDIT,Cash Deposit - CDM,110030.81
TXN5001804,100020003113,2026-03-12 23:53:58,11271.44,DEBIT,Swiggy,98759.37
TXN5001805,100020003113,2026-03-29 08:23:50,39740.21,CREDIT,UPI Credit from Friend,138499.58
TXN5001806,100020003113,2026-04-14 05:07:54,3419.64,DEBIT,Reliance Fresh,135079.94
TXN5001807,100020003113,2026-05-01 08:31:23,9539.46,DEBIT,Reliance Fresh,125540.48
TXN5001808,100020003113,2026-05-17 17:39:51,17008.67,DEBIT,ATM Cash Withdrawal,108531.81
TXN5001809,100020003113,2026-06-02 16:03:24,9722.04,CREDIT,FD Interest Credit,118253.85
TXN5001810,100020003113,2026-06-18 23:26:25,155.63,DEBIT,BookMyShow,118098.22
TXN5001811,100020003113,2026-07-05 10:13:29,7690.01,DEBIT,BookMyShow,110408.21
TXN5001812,100020003114,2026-01-23 01:07:02,11630.12,DEBIT,Airtel Postpaid,472546.03
TXN5001813,100020003114,2026-01-30 13:39:37,246.69,DEBIT,HP Fuel Station,472299.34
TXN5001814,100020003114,2026-02-06 13:11:06,228.34,DEBIT,Uber Rides,472071.0
TXN5001815,100020003114,2026-02-13 21:46:03,2623.31,DEBIT,HP Fuel Station,469447.69
TXN5001816,100020003114,2026-02-21 10:02:27,22472.9,DEBIT,Indian Oil Petrol Pump,446974.79
TXN5001817,100020003114,2026-02-28 20:16:19,3975.2,DEBIT,BookMyShow,442999.59
TXN5001818,100020003114,2026-03-08 11:18:11,9420.31,DEBIT,Reliance Fresh,433579.28
TXN5001819,100020003114,2026-03-16 03:34:48,20307.44,DEBIT,Flipkart,413271.84
TXN5001820,100020003114,2026-03-24 05:02:40,11039.98,DEBIT,Swiggy,402231.86
TXN5001821,100020003114,2026-03-31 01:47:22,9044.99,DEBIT,ATM Cash Withdrawal,393186.87
TXN5001822,100020003114,2026-04-07 22:19:16,7194.0,DEBIT,Swiggy,385992.87
TXN5001823,100020003114,2026-04-15 02:46:08,67673.84,CREDIT,UPI Credit from Friend,453666.71
TXN5001824,100020003114,2026-04-22 21:17:19,72017.72,CREDIT,FD Interest Credit,525684.43
TXN5001825,100020003114,2026-04-29 20:09:03,12439.63,DEBIT,BookMyShow,513244.8
TXN5001826,100020003114,2026-05-07 22:26:36,19133.38,DEBIT,Indian Oil Petrol Pump,494111.42
TXN5001827,100020003114,2026-05-15 05:20:40,63386.66,CREDIT,Investment Dividend,557498.08
TXN5001828,100020003114,2026-05-22 08:27:13,59660.76,CREDIT,UPI Credit from Friend,617158.84
TXN5001829,100020003114,2026-05-29 21:01:58,19207.89,DEBIT,Zomato,597950.95
TXN5001830,100020003114,2026-06-06 06:32:55,32795.21,CREDIT,Cash Deposit - CDM,630746.16
TXN5001831,100020003114,2026-06-14 10:59:53,7307.72,DEBIT,HP Fuel Station,623438.44
TXN5001832,100020003114,2026-06-21 07:16:57,15478.57,DEBIT,Uber Rides,607959.87
TXN5001833,100020003114,2026-06-29 05:34:10,19191.52,DEBIT,ATM Cash Withdrawal,588768.35
TXN5001834,100020003114,2026-07-06 11:37:28,50308.45,CREDIT,Investment Dividend,639076.8
TXN5001835,100020003114,2026-07-13 22:03:42,60936.48,CREDIT,Client NEFT Payment,700013.28
TXN5001836,100020003115,2026-01-22 19:57:58,5800.71,DEBIT,BookMyShow,11120.53
TXN5001837,100020003115,2026-01-30 08:31:38,675.25,DEBIT,Amazon India,10445.28
TXN5001838,100020003115,2026-02-06 11:52:21,696.26,DEBIT,Amazon India,9749.02
TXN5001839,100020003115,2026-02-14 08:05:42,293.61,DEBIT,Indian Oil Petrol Pump,9455.41
TXN5001840,100020003115,2026-02-21 17:53:56,73529.2,CREDIT,UPI Credit from Friend,82984.61
TXN5001841,100020003115,2026-03-01 01:22:05,12795.61,DEBIT,BookMyShow,70189.0
TXN5001842,100020003115,2026-03-08 06:32:22,9153.05,DEBIT,Reliance Fresh,61035.95
TXN5001843,100020003115,2026-03-16 10:22:40,21863.95,DEBIT,Swiggy,39172.0
TXN5001844,100020003115,2026-03-23 06:16:52,11694.94,DEBIT,Zomato,27477.06
TXN5001845,100020003115,2026-03-31 00:08:50,6705.52,DEBIT,Indian Oil Petrol Pump,20771.54
TXN5001846,100020003115,2026-04-07 09:44:09,27905.01,CREDIT,FD Interest Credit,48676.55
TXN5001847,100020003115,2026-04-14 19:58:35,13329.39,DEBIT,MakeMyTrip,35347.16
TXN5001848,100020003115,2026-04-23 01:59:14,10506.9,DEBIT,Reliance Fresh,24840.26
TXN5001849,100020003115,2026-04-30 11:07:48,6048.03,DEBIT,Zomato,18792.23
TXN5001850,100020003115,2026-05-07 20:54:20,2948.45,DEBIT,Flipkart,15843.78
TXN5001851,100020003115,2026-05-14 20:25:53,9906.22,CREDIT,Cash Deposit - CDM,25750.0
TXN5001852,100020003115,2026-05-23 04:32:23,61488.28,CREDIT,UPI Credit from Friend,87238.28
TXN5001853,100020003115,2026-05-30 10:12:42,6541.09,CREDIT,Cash Deposit - CDM,93779.37
TXN5001854,100020003115,2026-06-06 20:09:21,11907.54,DEBIT,MakeMyTrip,81871.83
TXN5001855,100020003115,2026-06-13 22:08:52,4242.02,CREDIT,UPI Credit from Friend,86113.85
TXN5001856,100020003115,2026-06-21 15:20:13,66977.41,CREDIT,Cash Deposit - CDM,153091.26
TXN5001857,100020003115,2026-06-29 16:42:10,34187.68,CREDIT,Client NEFT Payment,187278.94
TXN5001858,100020003115,2026-07-06 08:07:05,12122.23,DEBIT,Electricity Bill Payment,175156.71
TXN5001859,100020003115,2026-07-14 15:39:06,644.68,DEBIT,Airtel Postpaid,174512.03
TXN5001860,100020003116,2026-01-22 22:01:14,1231.59,DEBIT,Airtel Postpaid,558624.62
TXN5001861,100020003116,2026-02-02 12:45:32,15074.13,CREDIT,Investment Dividend,573698.75
TXN5001862,100020003116,2026-02-14 05:10:49,12885.84,DEBIT,Flipkart,560812.91
TXN5001863,100020003116,2026-02-25 03:16:20,29427.13,CREDIT,Investment Dividend,590240.04
TXN5001864,100020003116,2026-03-08 14:55:12,4683.25,DEBIT,Swiggy,585556.79
TXN5001865,100020003116,2026-03-20 01:01:31,320.65,DEBIT,MakeMyTrip,585236.14
TXN5001866,100020003116,2026-03-31 05:36:25,18042.42,DEBIT,D-Mart,567193.72
TXN5001867,100020003116,2026-04-11 06:34:54,17735.54,DEBIT,Electricity Bill Payment,549458.18
TXN5001868,100020003116,2026-04-22 08:09:29,13385.79,DEBIT,D-Mart,536072.39
TXN5001869,100020003116,2026-05-03 12:14:16,22101.7,DEBIT,Swiggy,513970.69
TXN5001870,100020003116,2026-05-14 23:47:25,48538.57,CREDIT,UPI Credit from Friend,562509.26
TXN5001871,100020003116,2026-05-26 23:02:55,2993.0,DEBIT,BookMyShow,559516.26
TXN5001872,100020003116,2026-06-06 13:38:20,9290.84,DEBIT,Flipkart,550225.42
TXN5001873,100020003116,2026-06-18 10:00:50,20538.83,CREDIT,UPI Credit from Friend,570764.25
TXN5001874,100020003116,2026-06-29 03:06:00,8183.41,DEBIT,Amazon India,562580.84
TXN5001875,100020003116,2026-07-10 14:19:22,8951.53,DEBIT,Uber Rides,553629.31
TXN5001876,100020003117,2026-01-22 09:32:29,40766.76,CREDIT,Cash Deposit - CDM,232911.67
TXN5001877,100020003117,2026-02-02 13:51:16,29266.59,CREDIT,Client NEFT Payment,262178.26
TXN5001878,100020003117,2026-02-13 23:28:34,15148.11,DEBIT,Zomato,247030.15
TXN5001879,100020003117,2026-02-25 18:54:15,6792.96,DEBIT,Airtel Postpaid,240237.19
TXN5001880,100020003117,2026-03-08 20:24:54,30264.29,CREDIT,Investment Dividend,270501.48
TXN5001881,100020003117,2026-03-19 16:51:40,28279.36,CREDIT,Investment Dividend,298780.84
TXN5001882,100020003117,2026-03-30 19:32:54,4707.2,DEBIT,ATM Cash Withdrawal,294073.64
TXN5001883,100020003117,2026-04-11 03:31:35,23589.54,DEBIT,Swiggy,270484.1
TXN5001884,100020003117,2026-04-22 20:50:29,4156.67,DEBIT,Swiggy,266327.43
TXN5001885,100020003117,2026-05-04 06:55:11,4777.42,DEBIT,Swiggy,261550.01
TXN5001886,100020003117,2026-05-14 19:01:44,22737.36,DEBIT,Indian Oil Petrol Pump,238812.65
TXN5001887,100020003117,2026-05-26 01:42:19,18196.44,DEBIT,MakeMyTrip,220616.21
TXN5001888,100020003117,2026-06-06 05:34:57,9661.36,DEBIT,Flipkart,210954.85
TXN5001889,100020003117,2026-06-18 07:08:14,48691.68,CREDIT,Salary Credit - ACME Corp,259646.53
TXN5001890,100020003117,2026-06-28 20:28:19,20806.58,CREDIT,Client NEFT Payment,280453.11
TXN5001891,100020003117,2026-07-10 13:41:28,1695.32,CREDIT,Salary Credit - ACME Corp,282148.43
TXN5001892,100020003118,2026-01-22 22:58:01,17715.65,DEBIT,Zomato,270065.24
TXN5001893,100020003118,2026-01-29 13:26:28,67036.88,CREDIT,UPI Credit from Friend,337102.12
TXN5001894,100020003118,2026-02-05 22:16:37,6170.84,DEBIT,Electricity Bill Payment,330931.28
TXN5001895,100020003118,2026-02-13 12:18:31,3164.58,DEBIT,ATM Cash Withdrawal,327766.7
TXN5001896,100020003118,2026-02-20 01:34:06,2653.9,DEBIT,ATM Cash Withdrawal,325112.8
TXN5001897,100020003118,2026-02-27 15:16:00,5685.39,DEBIT,Zomato,319427.41
TXN5001898,100020003118,2026-03-06 20:21:03,16418.58,DEBIT,Zomato,303008.83
TXN5001899,100020003118,2026-03-14 13:01:13,17200.48,DEBIT,Uber Rides,285808.35
TXN5001900,100020003118,2026-03-21 15:26:48,4322.02,DEBIT,Flipkart,281486.33
TXN5001901,100020003118,2026-03-28 05:53:18,21854.26,CREDIT,Salary Credit - ACME Corp,303340.59
TXN5001902,100020003118,2026-04-04 20:04:35,23090.66,DEBIT,Flipkart,280249.93
TXN5001903,100020003118,2026-04-12 07:35:38,4533.89,DEBIT,Electricity Bill Payment,275716.04
TXN5001904,100020003118,2026-04-18 22:56:09,10688.59,DEBIT,BookMyShow,265027.45
TXN5001905,100020003118,2026-04-26 12:11:30,7246.44,DEBIT,Flipkart,257781.01
TXN5001906,100020003118,2026-05-03 07:00:21,9290.9,DEBIT,D-Mart,248490.11
TXN5001907,100020003118,2026-05-11 00:45:25,6651.34,CREDIT,Salary Credit - ACME Corp,255141.45
TXN5001908,100020003118,2026-05-18 06:46:51,58556.02,CREDIT,UPI Credit from Friend,313697.47
TXN5001909,100020003118,2026-05-24 22:35:09,18061.45,DEBIT,MakeMyTrip,295636.02
TXN5001910,100020003118,2026-06-01 19:07:55,9374.14,CREDIT,Investment Dividend,305010.16
TXN5001911,100020003118,2026-06-08 23:31:47,2352.13,DEBIT,Swiggy,302658.03
TXN5001912,100020003118,2026-06-15 09:39:53,8050.96,DEBIT,Indian Oil Petrol Pump,294607.07
TXN5001913,100020003118,2026-06-22 21:39:02,45528.99,CREDIT,Client NEFT Payment,340136.06
TXN5001914,100020003118,2026-06-29 22:54:10,49392.61,CREDIT,UPI Credit from Friend,389528.67
TXN5001915,100020003118,2026-07-07 04:53:46,13514.81,DEBIT,HP Fuel Station,376013.86
TXN5001916,100020003118,2026-07-14 13:16:45,29462.42,CREDIT,Cash Deposit - CDM,405476.28
TXN5001917,100020003119,2026-01-22 17:56:47,61035.61,CREDIT,UPI Credit from Friend,97558.14
TXN5001918,100020003119,2026-01-31 11:53:18,171.37,DEBIT,ATM Cash Withdrawal,97386.77
TXN5001919,100020003119,2026-02-08 09:08:24,23944.63,DEBIT,Flipkart,73442.14
TXN5001920,100020003119,2026-02-16 23:52:21,21233.91,DEBIT,ATM Cash Withdrawal,52208.23
TXN5001921,100020003119,2026-02-26 06:50:40,9668.39,DEBIT,ATM Cash Withdrawal,42539.84
TXN5001922,100020003119,2026-03-06 22:21:02,68558.59,CREDIT,UPI Credit from Friend,111098.43
TXN5001923,100020003119,2026-03-14 20:38:35,18700.18,DEBIT,Flipkart,92398.25
TXN5001924,100020003119,2026-03-24 04:23:20,28932.1,CREDIT,Salary Credit - ACME Corp,121330.35
TXN5001925,100020003119,2026-04-01 11:43:15,1446.68,DEBIT,Flipkart,119883.67
TXN5001926,100020003119,2026-04-10 00:38:03,20952.19,DEBIT,ATM Cash Withdrawal,98931.48
TXN5001927,100020003119,2026-04-18 02:14:19,3617.81,DEBIT,Zomato,95313.67
TXN5001928,100020003119,2026-04-26 14:00:23,20361.41,DEBIT,Swiggy,74952.26
TXN5001929,100020003119,2026-05-05 20:14:28,3588.8,DEBIT,Electricity Bill Payment,71363.46
TXN5001930,100020003119,2026-05-14 08:21:03,10346.91,DEBIT,Reliance Fresh,61016.55
TXN5001931,100020003119,2026-05-22 15:57:18,421.08,DEBIT,Flipkart,60595.47
TXN5001932,100020003119,2026-05-30 22:45:19,3376.81,CREDIT,UPI Credit from Friend,63972.28
TXN5001933,100020003119,2026-06-08 20:48:27,20833.73,DEBIT,BookMyShow,43138.55
TXN5001934,100020003119,2026-06-17 21:12:01,12304.48,DEBIT,D-Mart,30834.07
TXN5001935,100020003119,2026-06-26 10:12:59,8777.96,DEBIT,Indian Oil Petrol Pump,22056.11
TXN5001936,100020003119,2026-07-05 00:13:33,901.91,DEBIT,Indian Oil Petrol Pump,21154.2
TXN5001937,100020003119,2026-07-13 15:03:20,1871.54,DEBIT,Airtel Postpaid,19282.66
TXN5001938,100020003120,2026-01-22 10:33:12,18675.29,DEBIT,Electricity Bill Payment,171291.18
TXN5001939,100020003120,2026-02-11 19:49:18,17341.42,DEBIT,HP Fuel Station,153949.76
TXN5001940,100020003120,2026-03-03 12:48:59,20698.62,DEBIT,Swiggy,133251.14
TXN5001941,100020003120,2026-03-23 06:36:43,10663.13,DEBIT,D-Mart,122588.01
TXN5001942,100020003120,2026-04-12 07:54:05,15119.44,DEBIT,ATM Cash Withdrawal,107468.57
TXN5001943,100020003120,2026-05-02 13:21:04,4152.73,DEBIT,Flipkart,103315.84
TXN5001944,100020003120,2026-05-22 06:52:03,18937.38,DEBIT,D-Mart,84378.46
TXN5001945,100020003120,2026-06-11 09:48:20,23237.13,DEBIT,Zomato,61141.33
TXN5001946,100020003120,2026-07-01 11:45:35,42794.96,CREDIT,Cash Deposit - CDM,103936.29
TXN5001947,100020003121,2026-01-22 06:23:46,5490.8,DEBIT,Amazon India,9043.12
TXN5001948,100020003121,2026-01-31 00:39:32,71946.69,CREDIT,Cash Deposit - CDM,80989.81
TXN5001949,100020003121,2026-02-07 01:37:45,54700.92,CREDIT,UPI Credit from Friend,135690.73
TXN5001950,100020003121,2026-02-15 09:38:30,10241.44,DEBIT,Uber Rides,125449.29
TXN5001951,100020003121,2026-02-23 00:41:24,19399.0,DEBIT,Amazon India,106050.29
TXN5001952,100020003121,2026-03-02 22:31:20,14700.32,DEBIT,ATM Cash Withdrawal,91349.97
TXN5001953,100020003121,2026-03-10 05:09:15,17091.11,DEBIT,Flipkart,74258.86
TXN5001954,100020003121,2026-03-18 21:19:38,17989.72,DEBIT,Zomato,56269.14
TXN5001955,100020003121,2026-03-26 15:17:16,17327.58,DEBIT,Swiggy,38941.56
TXN5001956,100020003121,2026-04-03 15:34:35,15457.13,DEBIT,Airtel Postpaid,23484.43
TXN5001957,100020003121,2026-04-11 03:11:39,26264.73,CREDIT,UPI Credit from Friend,49749.16
TXN5001958,100020003121,2026-04-18 15:31:23,17047.57,DEBIT,Indian Oil Petrol Pump,32701.59
TXN5001959,100020003121,2026-04-26 04:10:23,51532.64,CREDIT,UPI Credit from Friend,84234.23
TXN5001960,100020003121,2026-05-04 04:03:02,1967.46,DEBIT,Swiggy,82266.77
TXN5001961,100020003121,2026-05-12 08:28:14,8208.05,CREDIT,Salary Credit - ACME Corp,90474.82
TXN5001962,100020003121,2026-05-19 18:06:50,41488.07,CREDIT,Salary Credit - ACME Corp,131962.89
TXN5001963,100020003121,2026-05-27 22:29:28,4325.97,DEBIT,D-Mart,127636.92
TXN5001964,100020003121,2026-06-04 10:13:07,9146.87,DEBIT,Flipkart,118490.05
TXN5001965,100020003121,2026-06-12 03:52:35,35094.85,CREDIT,Investment Dividend,153584.9
TXN5001966,100020003121,2026-06-20 21:28:44,33711.36,CREDIT,UPI Credit from Friend,187296.26
TXN5001967,100020003121,2026-06-28 16:22:38,37131.17,CREDIT,FD Interest Credit,224427.43
TXN5001968,100020003121,2026-07-06 10:15:49,21439.32,DEBIT,BookMyShow,202988.11
TXN5001969,100020003121,2026-07-13 12:34:09,21136.41,DEBIT,Reliance Fresh,181851.7
TXN5001970,100020003122,2026-01-22 07:18:13,11307.3,DEBIT,BookMyShow,350260.26
TXN5001971,100020003122,2026-01-31 17:41:32,5222.34,CREDIT,UPI Credit from Friend,355482.6
TXN5001972,100020003122,2026-02-10 20:49:50,3948.6,DEBIT,Flipkart,351534.0
TXN5001973,100020003122,2026-02-19 22:22:51,10042.08,DEBIT,Flipkart,341491.92
TXN5001974,100020003122,2026-03-01 08:07:36,50517.14,CREDIT,FD Interest Credit,392009.06
TXN5001975,100020003122,2026-03-11 01:19:22,22513.15,DEBIT,HP Fuel Station,369495.91
TXN5001976,100020003122,2026-03-20 04:07:45,2797.87,DEBIT,Indian Oil Petrol Pump,366698.04
TXN5001977,100020003122,2026-03-30 07:18:57,8285.14,DEBIT,Reliance Fresh,358412.9
TXN5001978,100020003122,2026-04-08 08:27:55,5394.62,DEBIT,Uber Rides,353018.28
TXN5001979,100020003122,2026-04-17 23:02:41,1053.23,DEBIT,Swiggy,351965.05
TXN5001980,100020003122,2026-04-27 21:44:55,5415.41,DEBIT,Airtel Postpaid,346549.64
TXN5001981,100020003122,2026-05-06 11:06:15,9569.09,DEBIT,MakeMyTrip,336980.55
TXN5001982,100020003122,2026-05-16 06:23:48,11887.9,DEBIT,Amazon India,325092.65
TXN5001983,100020003122,2026-05-25 14:09:54,18989.55,DEBIT,Indian Oil Petrol Pump,306103.1
TXN5001984,100020003122,2026-06-04 02:56:02,2181.42,DEBIT,Flipkart,303921.68
TXN5001985,100020003122,2026-06-13 14:23:59,21857.02,DEBIT,HP Fuel Station,282064.66
TXN5001986,100020003122,2026-06-23 16:06:19,16774.15,DEBIT,D-Mart,265290.51
TXN5001987,100020003122,2026-07-02 10:58:51,22384.42,DEBIT,Indian Oil Petrol Pump,242906.09
TXN5001988,100020003122,2026-07-12 02:08:23,13175.46,CREDIT,FD Interest Credit,256081.55
TXN5001989,100020003123,2026-01-22 16:51:31,19618.05,DEBIT,Uber Rides,81655.82
TXN5001990,100020003123,2026-01-31 05:29:49,43203.45,CREDIT,Salary Credit - ACME Corp,124859.27
TXN5001991,100020003123,2026-02-08 22:11:24,15693.44,CREDIT,Client NEFT Payment,140552.71
TXN5001992,100020003123,2026-02-17 14:28:25,8160.94,DEBIT,ATM Cash Withdrawal,132391.77
TXN5001993,100020003123,2026-02-26 10:41:32,55517.23,CREDIT,FD Interest Credit,187909.0
TXN5001994,100020003123,2026-03-06 02:12:42,70102.64,CREDIT,Investment Dividend,258011.64
TXN5001995,100020003123,2026-03-15 12:19:43,24252.41,DEBIT,Indian Oil Petrol Pump,233759.23
TXN5001996,100020003123,2026-03-23 11:36:25,74129.66,CREDIT,UPI Credit from Friend,307888.89
TXN5001997,100020003123,2026-04-01 10:14:13,14501.59,DEBIT,Amazon India,293387.3
TXN5001998,100020003123,2026-04-09 13:58:31,32093.03,CREDIT,Cash Deposit - CDM,325480.33
TXN5001999,100020003123,2026-04-18 17:01:40,5481.82,DEBIT,Zomato,319998.51
TXN5002000,100020003123,2026-04-27 11:00:50,43685.9,CREDIT,Salary Credit - ACME Corp,363684.41
TXN5002001,100020003123,2026-05-05 10:45:26,7618.42,DEBIT,D-Mart,356065.99
TXN5002002,100020003123,2026-05-14 03:38:08,52749.47,CREDIT,Client NEFT Payment,408815.46
TXN5002003,100020003123,2026-05-23 05:16:37,8858.05,DEBIT,ATM Cash Withdrawal,399957.41
TXN5002004,100020003123,2026-05-31 08:02:00,19150.52,DEBIT,Flipkart,380806.89
TXN5002005,100020003123,2026-06-09 06:57:38,9390.73,DEBIT,Electricity Bill Payment,371416.16
TXN5002006,100020003123,2026-06-17 12:43:12,9600.93,DEBIT,ATM Cash Withdrawal,361815.23
TXN5002007,100020003123,2026-06-26 03:59:15,15889.27,DEBIT,Uber Rides,345925.96
TXN5002008,100020003123,2026-07-04 16:45:37,64417.8,CREDIT,Salary Credit - ACME Corp,410343.76
TXN5002009,100020003123,2026-07-13 10:55:41,16275.65,DEBIT,Airtel Postpaid,394068.11
TXN5002010,100020003124,2026-01-22 07:47:17,47163.1,CREDIT,Cash Deposit - CDM,225804.35
TXN5002011,100020003124,2026-01-30 21:24:25,14572.72,DEBIT,Amazon India,211231.63
TXN5002012,100020003124,2026-02-09 00:45:12,16678.46,CREDIT,Investment Dividend,227910.09
TXN5002013,100020003124,2026-02-17 11:40:50,21422.93,DEBIT,Flipkart,206487.16
TXN5002014,100020003124,2026-02-25 20:34:18,35332.09,CREDIT,Client NEFT Payment,241819.25
TXN5002015,100020003124,2026-03-06 18:45:47,1562.78,CREDIT,FD Interest Credit,243382.03
TXN5002016,100020003124,2026-03-15 10:21:29,6763.47,DEBIT,BookMyShow,236618.56
TXN5002017,100020003124,2026-03-23 11:38:52,59840.23,CREDIT,Investment Dividend,296458.79
TXN5002018,100020003124,2026-04-01 11:10:24,22735.57,DEBIT,Amazon India,273723.22
TXN5002019,100020003124,2026-04-09 09:06:04,9422.7,DEBIT,ATM Cash Withdrawal,264300.52
TXN5002020,100020003124,2026-04-18 10:53:52,24492.85,CREDIT,UPI Credit from Friend,288793.37
TXN5002021,100020003124,2026-04-27 11:10:36,18895.5,CREDIT,Investment Dividend,307688.87
TXN5002022,100020003124,2026-05-05 06:29:42,20730.89,DEBIT,MakeMyTrip,286957.98
TXN5002023,100020003124,2026-05-14 13:57:07,23490.85,DEBIT,Indian Oil Petrol Pump,263467.13
TXN5002024,100020003124,2026-05-23 04:45:22,22613.87,DEBIT,Electricity Bill Payment,240853.26
TXN5002025,100020003124,2026-05-30 22:49:00,17779.62,DEBIT,Swiggy,223073.64
TXN5002026,100020003124,2026-06-08 20:49:50,19628.6,DEBIT,ATM Cash Withdrawal,203445.04
TXN5002027,100020003124,2026-06-17 16:44:05,62963.0,CREDIT,UPI Credit from Friend,266408.04
TXN5002028,100020003124,2026-06-26 10:55:32,2422.31,DEBIT,Indian Oil Petrol Pump,263985.73
TXN5002029,100020003124,2026-07-04 02:08:53,12325.6,CREDIT,Cash Deposit - CDM,276311.33
TXN5002030,100020003124,2026-07-13 08:34:02,6829.17,CREDIT,Investment Dividend,283140.5
TXN5002031,100020003125,2026-01-22 23:06:57,11397.29,DEBIT,BookMyShow,388542.63
TXN5002032,100020003125,2026-02-14 11:57:43,16347.82,DEBIT,Zomato,372194.81
TXN5002033,100020003125,2026-03-08 12:25:33,6206.84,DEBIT,MakeMyTrip,365987.97
TXN5002034,100020003125,2026-03-31 12:40:12,6585.95,DEBIT,Amazon India,359402.02
TXN5002035,100020003125,2026-04-22 11:53:56,47430.41,CREDIT,Client NEFT Payment,406832.43
TXN5002036,100020003125,2026-05-15 16:56:05,9208.93,CREDIT,Cash Deposit - CDM,416041.36
TXN5002037,100020003125,2026-06-06 08:14:39,6623.67,DEBIT,Swiggy,409417.69
TXN5002038,100020003125,2026-06-28 19:31:35,9098.79,DEBIT,ATM Cash Withdrawal,400318.9
TXN5002039,100020003126,2026-01-22 14:40:44,646.73,DEBIT,Flipkart,69408.23
TXN5002040,100020003126,2026-02-04 13:32:51,5336.37,DEBIT,Indian Oil Petrol Pump,64071.86
TXN5002041,100020003126,2026-02-17 07:26:55,22716.73,DEBIT,MakeMyTrip,41355.13
TXN5002042,100020003126,2026-03-01 22:52:50,14957.67,DEBIT,BookMyShow,26397.46
TXN5002043,100020003126,2026-03-15 05:12:02,428.94,DEBIT,Reliance Fresh,25968.52
TXN5002044,100020003126,2026-03-28 12:00:24,6416.52,DEBIT,Electricity Bill Payment,19552.0
TXN5002045,100020003126,2026-04-09 08:50:55,2064.95,DEBIT,Flipkart,17487.05
TXN5002046,100020003126,2026-04-22 09:55:41,258.84,DEBIT,Electricity Bill Payment,17228.21
TXN5002047,100020003126,2026-05-05 20:08:03,2578.08,DEBIT,Zomato,14650.13
TXN5002048,100020003126,2026-05-17 23:09:02,580.63,DEBIT,Uber Rides,14069.5
TXN5002049,100020003126,2026-05-31 17:34:13,2762.05,DEBIT,Flipkart,11307.45
TXN5002050,100020003126,2026-06-12 23:57:03,1401.78,DEBIT,Uber Rides,9905.67
TXN5002051,100020003126,2026-06-26 07:34:23,3755.04,DEBIT,Zomato,6150.63
TXN5002052,100020003126,2026-07-08 14:43:50,2096.86,DEBIT,Uber Rides,4053.77
TXN5002053,100020003127,2026-01-23 04:23:05,19849.52,DEBIT,Airtel Postpaid,715480.59
TXN5002054,100020003127,2026-02-02 18:46:40,71578.39,CREDIT,Investment Dividend,787058.98
TXN5002055,100020003127,2026-02-14 03:42:11,14948.61,DEBIT,D-Mart,772110.37
TXN5002056,100020003127,2026-02-25 18:52:52,15221.66,DEBIT,Indian Oil Petrol Pump,756888.71
TXN5002057,100020003127,2026-03-08 10:05:35,22457.58,DEBIT,ATM Cash Withdrawal,734431.13
TXN5002058,100020003127,2026-03-19 12:50:32,940.62,DEBIT,Electricity Bill Payment,733490.51
TXN5002059,100020003127,2026-03-30 23:22:24,15136.66,DEBIT,BookMyShow,718353.85
TXN5002060,100020003127,2026-04-11 22:06:32,10017.84,DEBIT,Flipkart,708336.01
TXN5002061,100020003127,2026-04-22 09:37:03,19793.32,DEBIT,Reliance Fresh,688542.69
TXN5002062,100020003127,2026-05-03 17:11:14,9354.34,DEBIT,Swiggy,679188.35
TXN5002063,100020003127,2026-05-15 12:00:29,8032.87,DEBIT,Amazon India,671155.48
TXN5002064,100020003127,2026-05-26 16:30:11,14229.98,DEBIT,Reliance Fresh,656925.5
TXN5002065,100020003127,2026-06-07 02:52:10,9701.21,DEBIT,Airtel Postpaid,647224.29
TXN5002066,100020003127,2026-06-17 16:23:31,14067.87,DEBIT,Uber Rides,633156.42
TXN5002067,100020003127,2026-06-29 07:53:22,64633.54,CREDIT,Salary Credit - ACME Corp,697789.96
TXN5002068,100020003127,2026-07-10 13:04:28,17085.08,DEBIT,Indian Oil Petrol Pump,680704.88
TXN5002069,100020003128,2026-01-23 00:49:16,1336.53,DEBIT,HP Fuel Station,132100.39
TXN5002070,100020003128,2026-02-01 17:16:02,32171.56,CREDIT,Salary Credit - ACME Corp,164271.95
TXN5002071,100020003128,2026-02-11 16:10:00,14820.16,DEBIT,Zomato,149451.79
TXN5002072,100020003128,2026-02-21 19:08:01,16127.3,DEBIT,ATM Cash Withdrawal,133324.49
TXN5002073,100020003128,2026-03-03 19:07:05,11598.12,DEBIT,Swiggy,121726.37
TXN5002074,100020003128,2026-03-14 01:29:57,22406.16,DEBIT,Electricity Bill Payment,99320.21
TXN5002075,100020003128,2026-03-23 06:14:19,1829.41,DEBIT,Flipkart,97490.8
TXN5002076,100020003128,2026-04-03 01:12:58,7594.86,DEBIT,Reliance Fresh,89895.94
TXN5002077,100020003128,2026-04-12 23:23:18,13955.61,DEBIT,Reliance Fresh,75940.33
TXN5002078,100020003128,2026-04-22 17:09:05,7531.25,DEBIT,HP Fuel Station,68409.08
TXN5002079,100020003128,2026-05-02 17:08:23,22770.75,DEBIT,ATM Cash Withdrawal,45638.33
TXN5002080,100020003128,2026-05-12 14:16:24,631.74,DEBIT,Amazon India,45006.59
TXN5002081,100020003128,2026-05-23 01:06:38,17886.99,DEBIT,ATM Cash Withdrawal,27119.6
TXN5002082,100020003128,2026-06-01 21:48:08,1929.19,DEBIT,Zomato,25190.41
TXN5002083,100020003128,2026-06-11 22:40:42,61394.92,CREDIT,Cash Deposit - CDM,86585.33
TXN5002084,100020003128,2026-06-22 05:02:57,65233.1,CREDIT,FD Interest Credit,151818.43
TXN5002085,100020003128,2026-07-02 02:29:58,1295.28,DEBIT,D-Mart,150523.15
TXN5002086,100020003128,2026-07-11 07:06:03,15357.49,DEBIT,MakeMyTrip,135165.66
TXN5002087,100020003129,2026-01-22 11:46:39,3530.31,DEBIT,HP Fuel Station,76461.68
TXN5002088,100020003129,2026-01-31 08:10:38,3785.24,DEBIT,Airtel Postpaid,72676.44
TXN5002089,100020003129,2026-02-10 02:36:25,31583.75,CREDIT,Investment Dividend,104260.19
TXN5002090,100020003129,2026-02-18 21:20:14,6089.03,DEBIT,HP Fuel Station,98171.16
TXN5002091,100020003129,2026-02-27 21:10:13,24821.44,CREDIT,Client NEFT Payment,122992.6
TXN5002092,100020003129,2026-03-08 16:53:05,19178.43,DEBIT,Uber Rides,103814.17
TXN5002093,100020003129,2026-03-17 07:17:12,21834.52,DEBIT,BookMyShow,81979.65
TXN5002094,100020003129,2026-03-26 20:49:51,52427.41,CREDIT,Salary Credit - ACME Corp,134407.06
TXN5002095,100020003129,2026-04-05 04:37:19,426.89,DEBIT,Zomato,133980.17
TXN5002096,100020003129,2026-04-13 16:32:07,12242.37,DEBIT,Reliance Fresh,121737.8
TXN5002097,100020003129,2026-04-22 10:18:27,13238.35,DEBIT,ATM Cash Withdrawal,108499.45
TXN5002098,100020003129,2026-05-01 12:49:13,53429.91,CREDIT,Client NEFT Payment,161929.36
TXN5002099,100020003129,2026-05-10 08:59:44,22861.72,DEBIT,Zomato,139067.64
TXN5002100,100020003129,2026-05-20 03:18:02,11365.55,DEBIT,Airtel Postpaid,127702.09
TXN5002101,100020003129,2026-05-28 17:37:22,14908.56,CREDIT,FD Interest Credit,142610.65
TXN5002102,100020003129,2026-06-06 15:27:14,23792.22,DEBIT,Airtel Postpaid,118818.43
TXN5002103,100020003129,2026-06-15 20:51:39,21917.29,DEBIT,Uber Rides,96901.14
TXN5002104,100020003129,2026-06-24 07:56:40,11575.09,DEBIT,D-Mart,85326.05
TXN5002105,100020003129,2026-07-03 05:59:09,11370.76,DEBIT,D-Mart,73955.29
TXN5002106,100020003129,2026-07-12 08:08:22,8925.23,DEBIT,Zomato,65030.06
TXN5002107,100020003130,2026-01-22 14:49:34,6973.99,DEBIT,HP Fuel Station,44768.17
TXN5002108,100020003130,2026-02-06 11:50:31,11650.18,DEBIT,Uber Rides,33117.99
TXN5002109,100020003130,2026-02-22 03:34:20,2590.73,DEBIT,Swiggy,30527.26
TXN5002110,100020003130,2026-03-08 19:33:25,6078.14,DEBIT,Indian Oil Petrol Pump,24449.12
TXN5002111,100020003130,2026-03-23 07:55:13,2509.69,DEBIT,Flipkart,21939.43
TXN5002112,100020003130,2026-04-07 10:34:11,409.62,DEBIT,D-Mart,21529.81
TXN5002113,100020003130,2026-04-22 11:01:48,2444.69,DEBIT,Airtel Postpaid,19085.12
TXN5002114,100020003130,2026-05-07 22:05:17,3060.02,DEBIT,Zomato,16025.1
TXN5002115,100020003130,2026-05-22 22:54:50,20851.75,CREDIT,UPI Credit from Friend,36876.85
TXN5002116,100020003130,2026-06-06 09:24:16,9431.04,DEBIT,Uber Rides,27445.81
TXN5002117,100020003130,2026-06-21 19:36:40,7973.95,CREDIT,Cash Deposit - CDM,35419.76
TXN5002118,100020003130,2026-07-07 03:05:11,10497.46,DEBIT,ATM Cash Withdrawal,24922.3
TXN5002119,100020003131,2026-01-22 09:23:07,4249.47,DEBIT,Reliance Fresh,435609.07
TXN5002120,100020003131,2026-02-04 02:53:48,417.1,DEBIT,HP Fuel Station,435191.97
TXN5002121,100020003131,2026-02-15 15:34:11,24361.83,DEBIT,Flipkart,410830.14
TXN5002122,100020003131,2026-02-27 09:23:50,1720.31,CREDIT,FD Interest Credit,412550.45
TXN5002123,100020003131,2026-03-12 04:34:07,12258.85,DEBIT,Zomato,400291.6
TXN5002124,100020003131,2026-03-23 16:38:29,533.03,DEBIT,BookMyShow,399758.57
TXN5002125,100020003131,2026-04-05 05:04:11,39869.92,CREDIT,UPI Credit from Friend,439628.49
TXN5002126,100020003131,2026-04-16 23:25:10,8399.44,CREDIT,Client NEFT Payment,448027.93
TXN5002127,100020003131,2026-04-28 13:21:21,8834.45,DEBIT,Electricity Bill Payment,439193.48
TXN5002128,100020003131,2026-05-10 11:28:33,9170.8,DEBIT,Amazon India,430022.68
TXN5002129,100020003131,2026-05-23 01:09:57,8410.1,DEBIT,Electricity Bill Payment,421612.58
TXN5002130,100020003131,2026-06-03 23:53:18,67760.35,CREDIT,Cash Deposit - CDM,489372.93
TXN5002131,100020003131,2026-06-15 16:55:27,13030.79,DEBIT,BookMyShow,476342.14
TXN5002132,100020003131,2026-06-27 05:47:50,64363.65,CREDIT,Client NEFT Payment,540705.79
TXN5002133,100020003131,2026-07-10 05:09:28,869.53,DEBIT,Airtel Postpaid,539836.26
TXN5002134,100020003133,2026-01-22 13:55:33,15344.32,CREDIT,Investment Dividend,149086.22
TXN5002135,100020003133,2026-01-31 10:20:37,65908.66,CREDIT,Client NEFT Payment,214994.88
TXN5002136,100020003133,2026-02-08 21:48:23,74062.54,CREDIT,Cash Deposit - CDM,289057.42
TXN5002137,100020003133,2026-02-17 02:38:29,26814.53,CREDIT,FD Interest Credit,315871.95
TXN5002138,100020003133,2026-02-25 21:32:29,24849.2,DEBIT,D-Mart,291022.75
TXN5002139,100020003133,2026-03-06 06:26:42,17575.71,DEBIT,ATM Cash Withdrawal,273447.04
TXN5002140,100020003133,2026-03-15 06:16:56,11430.19,DEBIT,MakeMyTrip,262016.85
TXN5002141,100020003133,2026-03-24 00:18:57,24239.8,DEBIT,HP Fuel Station,237777.05
TXN5002142,100020003133,2026-04-01 17:16:03,17054.98,DEBIT,Electricity Bill Payment,220722.07
TXN5002143,100020003133,2026-04-10 07:55:42,16641.58,DEBIT,D-Mart,204080.49
TXN5002144,100020003133,2026-04-18 10:07:35,7438.7,DEBIT,HP Fuel Station,196641.79
TXN5002145,100020003133,2026-04-26 13:08:23,14867.48,DEBIT,Amazon India,181774.31
TXN5002146,100020003133,2026-05-05 13:35:31,8871.16,DEBIT,ATM Cash Withdrawal,172903.15
TXN5002147,100020003133,2026-05-13 15:36:03,8820.43,DEBIT,D-Mart,164082.72
TXN5002148,100020003133,2026-05-23 00:08:46,23967.25,DEBIT,Electricity Bill Payment,140115.47
TXN5002149,100020003133,2026-05-30 22:44:06,6839.66,DEBIT,Uber Rides,133275.81
TXN5002150,100020003133,2026-06-08 13:26:59,2109.88,DEBIT,Zomato,131165.93
TXN5002151,100020003133,2026-06-16 23:12:50,19405.91,CREDIT,Client NEFT Payment,150571.84
TXN5002152,100020003133,2026-06-26 03:26:45,24175.98,DEBIT,Flipkart,126395.86
TXN5002153,100020003133,2026-07-04 23:18:14,45180.87,CREDIT,UPI Credit from Friend,171576.73
TXN5002154,100020003133,2026-07-13 05:07:09,8129.75,DEBIT,Airtel Postpaid,163446.98
TXN5002155,100020003134,2026-01-22 21:41:58,3478.7,DEBIT,Electricity Bill Payment,483201.66
TXN5002156,100020003134,2026-02-06 10:05:18,7503.62,DEBIT,BookMyShow,475698.04
TXN5002157,100020003134,2026-02-21 16:22:03,19581.9,DEBIT,ATM Cash Withdrawal,456116.14
TXN5002158,100020003134,2026-03-08 15:47:07,11103.34,DEBIT,Reliance Fresh,445012.8
TXN5002159,100020003134,2026-03-23 17:23:29,9003.22,DEBIT,Reliance Fresh,436009.58
TXN5002160,100020003134,2026-04-07 15:33:50,10315.44,DEBIT,Amazon India,425694.14
TXN5002161,100020003134,2026-04-23 03:12:04,19192.57,DEBIT,Flipkart,406501.57
TXN5002162,100020003134,2026-05-07 23:26:25,7629.51,DEBIT,Zomato,398872.06
TXN5002163,100020003134,2026-05-22 19:13:39,15560.15,DEBIT,Airtel Postpaid,383311.91
TXN5002164,100020003134,2026-06-07 02:22:01,21143.17,DEBIT,Swiggy,362168.74
TXN5002165,100020003134,2026-06-21 14:58:13,20206.28,DEBIT,ATM Cash Withdrawal,341962.46
TXN5002166,100020003134,2026-07-06 17:43:55,7264.77,CREDIT,FD Interest Credit,349227.23
TXN5002167,100020003135,2026-01-22 13:18:12,6127.11,DEBIT,HP Fuel Station,45977.61
TXN5002168,100020003135,2026-02-08 06:36:04,9986.76,CREDIT,Cash Deposit - CDM,55964.37
TXN5002169,100020003135,2026-02-24 14:56:25,4923.5,CREDIT,UPI Credit from Friend,60887.87
TXN5002170,100020003135,2026-03-12 19:52:19,23561.48,DEBIT,Swiggy,37326.39
TXN5002171,100020003135,2026-03-28 21:34:26,12739.43,DEBIT,D-Mart,24586.96
TXN5002172,100020003135,2026-04-14 16:00:50,70303.31,CREDIT,Investment Dividend,94890.27
TXN5002173,100020003135,2026-05-01 00:37:53,1771.84,DEBIT,Swiggy,93118.43
TXN5002174,100020003135,2026-05-17 08:52:54,2511.9,DEBIT,Zomato,90606.53
TXN5002175,100020003135,2026-06-02 05:36:16,12694.53,DEBIT,Indian Oil Petrol Pump,77912.0
TXN5002176,100020003135,2026-06-18 13:10:51,10173.48,DEBIT,Swiggy,67738.52
TXN5002177,100020003135,2026-07-05 16:15:32,41457.22,CREDIT,Cash Deposit - CDM,109195.74
TXN5002178,100020003136,2026-01-23 01:55:24,10865.61,DEBIT,BookMyShow,380442.17
TXN5002179,100020003136,2026-01-30 10:10:59,18640.5,DEBIT,Zomato,361801.67
TXN5002180,100020003136,2026-02-07 18:07:32,41454.4,CREDIT,Investment Dividend,403256.07
TXN5002181,100020003136,2026-02-16 05:55:19,2590.49,DEBIT,Airtel Postpaid,400665.58
TXN5002182,100020003136,2026-02-24 10:35:07,9840.61,DEBIT,Uber Rides,390824.97
TXN5002183,100020003136,2026-03-04 22:18:52,20355.99,DEBIT,Swiggy,370468.98
TXN5002184,100020003136,2026-03-12 08:09:10,14148.81,DEBIT,Amazon India,356320.17
TXN5002185,100020003136,2026-03-21 01:46:41,16295.52,DEBIT,BookMyShow,340024.65
TXN5002186,100020003136,2026-03-29 07:05:09,22685.76,DEBIT,Swiggy,317338.89
TXN5002187,100020003136,2026-04-06 07:48:08,21490.9,CREDIT,UPI Credit from Friend,338829.79
TXN5002188,100020003136,2026-04-14 09:31:19,38237.22,CREDIT,FD Interest Credit,377067.01
TXN5002189,100020003136,2026-04-23 02:57:39,12874.82,DEBIT,Swiggy,364192.19
TXN5002190,100020003136,2026-05-01 01:24:19,18008.31,DEBIT,Reliance Fresh,346183.88
TXN5002191,100020003136,2026-05-09 01:03:16,11362.91,CREDIT,Client NEFT Payment,357546.79
TXN5002192,100020003136,2026-05-17 01:39:39,22912.38,DEBIT,BookMyShow,334634.41
TXN5002193,100020003136,2026-05-25 10:21:51,45832.29,CREDIT,UPI Credit from Friend,380466.7
TXN5002194,100020003136,2026-06-02 16:56:34,58379.45,CREDIT,Cash Deposit - CDM,438846.15
TXN5002195,100020003136,2026-06-10 13:42:11,14762.42,DEBIT,Airtel Postpaid,424083.73
TXN5002196,100020003136,2026-06-18 20:11:58,10153.97,DEBIT,Amazon India,413929.76
TXN5002197,100020003136,2026-06-26 16:55:02,18146.12,CREDIT,Client NEFT Payment,432075.88
TXN5002198,100020003136,2026-07-04 23:07:18,36254.56,CREDIT,UPI Credit from Friend,468330.44
TXN5002199,100020003136,2026-07-14 00:29:17,55215.88,CREDIT,UPI Credit from Friend,523546.32
TXN5002200,100020003137,2026-01-23 02:53:41,22322.57,DEBIT,MakeMyTrip,359040.45
TXN5002201,100020003137,2026-02-08 13:23:12,5582.57,CREDIT,FD Interest Credit,364623.02
TXN5002202,100020003137,2026-02-24 01:30:06,6393.25,CREDIT,FD Interest Credit,371016.27
TXN5002203,100020003137,2026-03-12 22:02:18,69342.76,CREDIT,FD Interest Credit,440359.03
TXN5002204,100020003137,2026-03-28 18:47:34,3417.09,DEBIT,BookMyShow,436941.94
TXN5002205,100020003137,2026-04-14 14:42:24,6387.12,DEBIT,HP Fuel Station,430554.82
TXN5002206,100020003137,2026-05-01 01:57:21,18579.63,DEBIT,Indian Oil Petrol Pump,411975.19
TXN5002207,100020003137,2026-05-17 13:55:22,15229.89,CREDIT,Cash Deposit - CDM,427205.08
TXN5002208,100020003137,2026-06-02 03:41:59,8119.25,CREDIT,Salary Credit - ACME Corp,435324.33
TXN5002209,100020003137,2026-06-19 07:17:07,27607.51,CREDIT,Investment Dividend,462931.84
TXN5002210,100020003137,2026-07-05 10:12:41,26212.64,CREDIT,Client NEFT Payment,489144.48
TXN5002211,100020003138,2026-01-22 17:12:29,43207.39,CREDIT,Investment Dividend,204907.34
TXN5002212,100020003138,2026-01-30 05:19:12,22503.92,DEBIT,ATM Cash Withdrawal,182403.42
TXN5002213,100020003138,2026-02-06 08:36:31,10745.04,DEBIT,Indian Oil Petrol Pump,171658.38
TXN5002214,100020003138,2026-02-14 14:16:31,3267.09,DEBIT,Electricity Bill Payment,168391.29
TXN5002215,100020003138,2026-02-21 12:27:26,5841.28,DEBIT,Airtel Postpaid,162550.01
TXN5002216,100020003138,2026-03-01 06:16:21,20551.06,DEBIT,D-Mart,141998.95
TXN5002217,100020003138,2026-03-09 03:26:03,17611.51,DEBIT,Flipkart,124387.44
TXN5002218,100020003138,2026-03-16 14:14:18,7272.92,DEBIT,Electricity Bill Payment,117114.52
TXN5002219,100020003138,2026-03-23 19:06:30,69953.87,CREDIT,Cash Deposit - CDM,187068.39
TXN5002220,100020003138,2026-03-31 00:47:36,13693.95,DEBIT,Flipkart,173374.44
TXN5002221,100020003138,2026-04-07 19:17:11,73885.11,CREDIT,Client NEFT Payment,247259.55
TXN5002222,100020003138,2026-04-14 18:01:09,6595.94,DEBIT,Reliance Fresh,240663.61
TXN5002223,100020003138,2026-04-23 02:36:45,5185.41,DEBIT,ATM Cash Withdrawal,235478.2
TXN5002224,100020003138,2026-04-30 10:54:46,50086.87,CREDIT,Salary Credit - ACME Corp,285565.07
TXN5002225,100020003138,2026-05-07 10:57:16,23705.14,DEBIT,Airtel Postpaid,261859.93
TXN5002226,100020003138,2026-05-15 10:10:26,3616.79,CREDIT,Salary Credit - ACME Corp,265476.72
TXN5002227,100020003138,2026-05-23 04:05:51,15349.57,DEBIT,Flipkart,250127.15
TXN5002228,100020003138,2026-05-30 14:36:01,3323.67,DEBIT,Uber Rides,246803.48
TXN5002229,100020003138,2026-06-06 06:18:05,12739.35,DEBIT,BookMyShow,234064.13
TXN5002230,100020003138,2026-06-14 01:42:21,19560.39,DEBIT,Zomato,214503.74
TXN5002231,100020003138,2026-06-21 05:48:52,19362.97,DEBIT,MakeMyTrip,195140.77
TXN5002232,100020003138,2026-06-28 22:00:28,9546.77,DEBIT,BookMyShow,185594.0
TXN5002233,100020003138,2026-07-06 23:00:36,1398.3,DEBIT,MakeMyTrip,184195.7
TXN5002234,100020003138,2026-07-14 02:21:11,17563.31,DEBIT,Electricity Bill Payment,166632.39
TXN5002235,100020003139,2026-01-22 08:04:25,15429.76,DEBIT,Reliance Fresh,941448.66
TXN5002236,100020003139,2026-02-06 13:44:34,22959.91,DEBIT,Zomato,918488.75
TXN5002237,100020003139,2026-02-21 10:52:07,5755.43,DEBIT,Uber Rides,912733.32
TXN5002238,100020003139,2026-03-08 23:21:41,40680.1,CREDIT,Salary Credit - ACME Corp,953413.42
TXN5002239,100020003139,2026-03-24 05:04:56,18023.69,DEBIT,ATM Cash Withdrawal,935389.73
TXN5002240,100020003139,2026-04-07 06:39:54,11020.04,DEBIT,D-Mart,924369.69
TXN5002241,100020003139,2026-04-22 06:20:56,16414.7,DEBIT,Zomato,907954.99
TXN5002242,100020003139,2026-05-08 05:15:14,10005.68,DEBIT,BookMyShow,897949.31
TXN5002243,100020003139,2026-05-22 08:14:12,6329.95,DEBIT,Electricity Bill Payment,891619.36
TXN5002244,100020003139,2026-06-06 10:14:25,61193.44,CREDIT,UPI Credit from Friend,952812.8
TXN5002245,100020003139,2026-06-21 15:56:41,9236.65,DEBIT,Electricity Bill Payment,943576.15
TXN5002246,100020003139,2026-07-06 12:19:27,13218.42,DEBIT,D-Mart,930357.73
TXN5002247,100020003140,2026-01-22 22:02:46,1230.54,DEBIT,Indian Oil Petrol Pump,88414.52
TXN5002248,100020003140,2026-02-01 22:13:54,7066.62,DEBIT,Zomato,81347.9
TXN5002249,100020003140,2026-02-12 03:11:20,39553.63,CREDIT,FD Interest Credit,120901.53
TXN5002250,100020003140,2026-02-21 23:06:20,9372.51,DEBIT,ATM Cash Withdrawal,111529.02
TXN5002251,100020003140,2026-03-04 00:12:37,5954.12,DEBIT,HP Fuel Station,105574.9
TXN5002252,100020003140,2026-03-13 20:53:51,2944.54,DEBIT,HP Fuel Station,102630.36
TXN5002253,100020003140,2026-03-24 01:22:17,14747.18,DEBIT,D-Mart,87883.18
TXN5002254,100020003140,2026-04-03 01:09:07,7049.4,DEBIT,Airtel Postpaid,80833.78
TXN5002255,100020003140,2026-04-12 14:30:51,9626.45,DEBIT,HP Fuel Station,71207.33
TXN5002256,100020003140,2026-04-22 06:21:56,4692.23,DEBIT,Indian Oil Petrol Pump,66515.1
TXN5002257,100020003140,2026-05-02 18:04:46,879.52,DEBIT,MakeMyTrip,65635.58
TXN5002258,100020003140,2026-05-12 13:38:49,15257.61,DEBIT,Reliance Fresh,50377.97
TXN5002259,100020003140,2026-05-23 03:26:40,60958.03,CREDIT,Cash Deposit - CDM,111336.0
TXN5002260,100020003140,2026-06-01 10:29:48,18172.08,DEBIT,Airtel Postpaid,93163.92
TXN5002261,100020003140,2026-06-11 15:43:03,18257.73,DEBIT,Uber Rides,74906.19
TXN5002262,100020003140,2026-06-21 23:21:26,41943.77,CREDIT,Client NEFT Payment,116849.96
TXN5002263,100020003140,2026-07-02 03:40:45,24773.19,DEBIT,Electricity Bill Payment,92076.77
TXN5002264,100020003140,2026-07-11 16:25:26,14250.75,DEBIT,Electricity Bill Payment,77826.02
TXN5002265,100020003141,2026-01-22 09:12:03,18666.28,DEBIT,Zomato,223298.33
TXN5002266,100020003141,2026-02-02 14:27:53,20009.76,DEBIT,D-Mart,203288.57
TXN5002267,100020003141,2026-02-13 19:21:09,13615.83,DEBIT,Reliance Fresh,189672.74
TXN5002268,100020003141,2026-02-25 13:00:21,6929.32,DEBIT,D-Mart,182743.42
TXN5002269,100020003141,2026-03-08 21:07:16,60959.2,CREDIT,Cash Deposit - CDM,243702.62
TXN5002270,100020003141,2026-03-19 11:35:45,16553.33,DEBIT,ATM Cash Withdrawal,227149.29
TXN5002271,100020003141,2026-03-30 23:38:53,11621.83,DEBIT,HP Fuel Station,215527.46
TXN5002272,100020003141,2026-04-10 23:30:45,9032.22,DEBIT,BookMyShow,206495.24
TXN5002273,100020003141,2026-04-23 01:33:49,1558.76,DEBIT,Flipkart,204936.48
TXN5002274,100020003141,2026-05-03 17:56:04,7919.26,DEBIT,Flipkart,197017.22
TXN5002275,100020003141,2026-05-15 03:52:13,19689.72,DEBIT,D-Mart,177327.5
TXN5002276,100020003141,2026-05-26 20:09:25,15795.42,DEBIT,Swiggy,161532.08
TXN5002277,100020003141,2026-06-07 02:12:34,5893.54,DEBIT,BookMyShow,155638.54
TXN5002278,100020003141,2026-06-17 12:13:26,21528.2,DEBIT,Airtel Postpaid,134110.34
TXN5002279,100020003141,2026-06-29 00:54:57,5776.02,DEBIT,Uber Rides,128334.32
TXN5002280,100020003141,2026-07-10 23:06:25,2192.74,CREDIT,FD Interest Credit,130527.06
TXN5002281,100020003142,2026-01-22 22:32:22,8808.27,DEBIT,Flipkart,55593.95
TXN5002282,100020003142,2026-01-29 22:15:58,1814.56,DEBIT,Zomato,53779.39
TXN5002283,100020003142,2026-02-05 22:43:07,17715.3,DEBIT,Indian Oil Petrol Pump,36064.09
TXN5002284,100020003142,2026-02-12 21:24:47,4155.36,DEBIT,Amazon India,31908.73
TXN5002285,100020003142,2026-02-20 08:20:12,25788.95,CREDIT,Investment Dividend,57697.68
TXN5002286,100020003142,2026-02-28 02:50:14,21757.31,DEBIT,D-Mart,35940.37
TXN5002287,100020003142,2026-03-07 01:01:33,736.87,DEBIT,Swiggy,35203.5
TXN5002288,100020003142,2026-03-14 12:47:05,8615.21,DEBIT,MakeMyTrip,26588.29
TXN5002289,100020003142,2026-03-21 03:12:51,55911.21,CREDIT,Cash Deposit - CDM,82499.5
TXN5002290,100020003142,2026-03-28 17:36:28,29034.14,CREDIT,Cash Deposit - CDM,111533.64
TXN5002291,100020003142,2026-04-04 06:04:56,29200.64,CREDIT,Client NEFT Payment,140734.28
TXN5002292,100020003142,2026-04-11 11:58:57,23394.39,DEBIT,Zomato,117339.89
TXN5002293,100020003142,2026-04-19 04:28:10,47644.0,CREDIT,Client NEFT Payment,164983.89
TXN5002294,100020003142,2026-04-26 05:44:01,63722.04,CREDIT,Cash Deposit - CDM,228705.93
TXN5002295,100020003142,2026-05-03 19:39:24,16514.02,DEBIT,Electricity Bill Payment,212191.91
TXN5002296,100020003142,2026-05-10 15:53:03,20916.62,DEBIT,D-Mart,191275.29
TXN5002297,100020003142,2026-05-18 07:57:55,19995.25,DEBIT,Reliance Fresh,171280.04
TXN5002298,100020003142,2026-05-24 20:26:28,24312.68,DEBIT,Uber Rides,146967.36
TXN5002299,100020003142,2026-06-01 01:29:05,66136.78,CREDIT,FD Interest Credit,213104.14
TXN5002300,100020003142,2026-06-08 02:24:44,2003.45,DEBIT,Reliance Fresh,211100.69
TXN5002301,100020003142,2026-06-15 20:58:47,11279.3,DEBIT,Indian Oil Petrol Pump,199821.39
TXN5002302,100020003142,2026-06-22 15:36:51,74019.13,CREDIT,Cash Deposit - CDM,273840.52
TXN5002303,100020003142,2026-06-29 20:46:42,50883.78,CREDIT,Client NEFT Payment,324724.3
TXN5002304,100020003142,2026-07-06 23:00:54,7243.44,DEBIT,Reliance Fresh,317480.86
TXN5002305,100020003142,2026-07-14 03:19:51,12675.15,DEBIT,Swiggy,304805.71
TXN5002306,100020003143,2026-01-22 20:28:58,67590.56,CREDIT,Investment Dividend,228886.98
TXN5002307,100020003143,2026-01-30 01:29:53,6658.07,DEBIT,Electricity Bill Payment,222228.91
TXN5002308,100020003143,2026-02-07 14:01:30,2614.78,DEBIT,ATM Cash Withdrawal,219614.13
TXN5002309,100020003143,2026-02-14 17:35:45,17282.16,DEBIT,Flipkart,202331.97
TXN5002310,100020003143,2026-02-22 15:46:52,68978.1,CREDIT,Investment Dividend,271310.07
TXN5002311,100020003143,2026-03-02 16:56:06,13967.83,DEBIT,Uber Rides,257342.24
TXN5002312,100020003143,2026-03-10 11:17:52,20635.42,DEBIT,Reliance Fresh,236706.82
TXN5002313,100020003143,2026-03-18 14:16:40,24853.94,DEBIT,Amazon India,211852.88
TXN5002314,100020003143,2026-03-25 21:40:42,71294.01,CREDIT,Investment Dividend,283146.89
TXN5002315,100020003143,2026-04-03 06:52:28,33241.07,CREDIT,Investment Dividend,316387.96
TXN5002316,100020003143,2026-04-11 04:21:48,54554.35,CREDIT,Cash Deposit - CDM,370942.31
TXN5002317,100020003143,2026-04-19 05:22:44,7200.42,CREDIT,Salary Credit - ACME Corp,378142.73
TXN5002318,100020003143,2026-04-26 17:27:29,16270.18,DEBIT,Indian Oil Petrol Pump,361872.55
TXN5002319,100020003143,2026-05-04 06:43:46,18091.08,DEBIT,D-Mart,343781.47
TXN5002320,100020003143,2026-05-12 17:32:22,7503.98,DEBIT,Reliance Fresh,336277.49
TXN5002321,100020003143,2026-05-19 15:51:00,13177.32,DEBIT,Electricity Bill Payment,323100.17
TXN5002322,100020003143,2026-05-28 06:46:29,8137.72,DEBIT,Reliance Fresh,314962.45
TXN5002323,100020003143,2026-06-05 00:31:06,4103.15,CREDIT,Client NEFT Payment,319065.6
TXN5002324,100020003143,2026-06-12 23:20:47,32859.79,CREDIT,FD Interest Credit,351925.39
TXN5002325,100020003143,2026-06-20 11:47:55,2576.72,DEBIT,D-Mart,349348.67
TXN5002326,100020003143,2026-06-27 21:47:44,12217.23,DEBIT,Zomato,337131.44
TXN5002327,100020003143,2026-07-06 10:53:45,22950.56,DEBIT,Airtel Postpaid,314180.88
TXN5002328,100020003143,2026-07-14 03:33:25,50316.09,CREDIT,UPI Credit from Friend,364496.97
TXN5002329,100020003144,2026-01-22 10:15:50,56859.99,CREDIT,Salary Credit - ACME Corp,420638.93
TXN5002330,100020003144,2026-02-08 04:23:18,22277.05,DEBIT,Electricity Bill Payment,398361.88
TXN5002331,100020003144,2026-02-24 17:55:48,20829.36,DEBIT,Amazon India,377532.52
TXN5002332,100020003144,2026-03-12 16:21:02,23702.21,DEBIT,Indian Oil Petrol Pump,353830.31
TXN5002333,100020003144,2026-03-29 09:46:44,20792.84,DEBIT,D-Mart,333037.47
TXN5002334,100020003144,2026-04-14 22:58:05,69019.59,CREDIT,Salary Credit - ACME Corp,402057.06
TXN5002335,100020003144,2026-04-30 20:19:45,6650.11,DEBIT,ATM Cash Withdrawal,395406.95
TXN5002336,100020003144,2026-05-16 21:40:27,16751.02,DEBIT,Reliance Fresh,378655.93
TXN5002337,100020003144,2026-06-02 22:24:19,17460.69,CREDIT,Salary Credit - ACME Corp,396116.62
TXN5002338,100020003144,2026-06-18 19:41:45,6975.09,DEBIT,BookMyShow,389141.53
TXN5002339,100020003144,2026-07-05 14:13:30,1944.8,DEBIT,Uber Rides,387196.73
TXN5002340,100020003145,2026-01-23 02:42:51,2600.93,DEBIT,Uber Rides,215680.11
TXN5002341,100020003145,2026-02-02 00:21:38,21051.63,DEBIT,BookMyShow,194628.48
TXN5002342,100020003145,2026-02-12 01:24:11,23734.65,DEBIT,BookMyShow,170893.83
TXN5002343,100020003145,2026-02-21 05:29:28,9467.61,DEBIT,Zomato,161426.22
TXN5002344,100020003145,2026-03-03 21:27:36,3870.68,DEBIT,ATM Cash Withdrawal,157555.54
TXN5002345,100020003145,2026-03-13 09:47:25,3381.62,DEBIT,BookMyShow,154173.92
TXN5002346,100020003145,2026-03-24 02:19:14,64429.6,CREDIT,Client NEFT Payment,218603.52
TXN5002347,100020003145,2026-04-02 10:26:25,12318.21,DEBIT,Airtel Postpaid,206285.31
TXN5002348,100020003145,2026-04-12 10:18:17,10512.17,DEBIT,D-Mart,195773.14
TXN5002349,100020003145,2026-04-22 20:01:15,5944.42,DEBIT,Reliance Fresh,189828.72
TXN5002350,100020003145,2026-05-02 16:55:17,4583.6,DEBIT,D-Mart,185245.12
TXN5002351,100020003145,2026-05-13 01:28:35,50430.21,CREDIT,Investment Dividend,235675.33
TXN5002352,100020003145,2026-05-23 00:25:18,8992.48,DEBIT,HP Fuel Station,226682.85
TXN5002353,100020003145,2026-06-01 12:23:23,24076.68,DEBIT,MakeMyTrip,202606.17
TXN5002354,100020003145,2026-06-11 23:38:03,11234.61,DEBIT,Zomato,191371.56
TXN5002355,100020003145,2026-06-21 21:11:52,11671.92,DEBIT,Reliance Fresh,179699.64
TXN5002356,100020003145,2026-07-01 21:09:16,10012.42,DEBIT,Swiggy,169687.22
TXN5002357,100020003145,2026-07-11 23:52:05,20137.56,DEBIT,HP Fuel Station,149549.66
TXN5002358,100020003146,2026-01-22 21:47:35,6771.3,DEBIT,Zomato,115203.59
TXN5002359,100020003146,2026-01-31 16:22:10,5499.44,CREDIT,FD Interest Credit,120703.03
TXN5002360,100020003146,2026-02-08 15:00:25,9845.32,DEBIT,HP Fuel Station,110857.71
TXN5002361,100020003146,2026-02-17 08:38:50,1460.37,DEBIT,HP Fuel Station,109397.34
TXN5002362,100020003146,2026-02-26 05:38:00,20481.26,DEBIT,D-Mart,88916.08
TXN5002363,100020003146,2026-03-06 12:36:52,21902.99,DEBIT,Electricity Bill Payment,67013.09
TXN5002364,100020003146,2026-03-14 20:32:03,23702.16,DEBIT,Airtel Postpaid,43310.93
TXN5002365,100020003146,2026-03-23 19:57:28,9397.15,DEBIT,Uber Rides,33913.78
TXN5002366,100020003146,2026-03-31 19:31:15,10608.94,DEBIT,Reliance Fresh,23304.84
TXN5002367,100020003146,2026-04-10 06:37:18,41914.17,CREDIT,Client NEFT Payment,65219.01
TXN5002368,100020003146,2026-04-17 23:37:25,13433.27,DEBIT,Swiggy,51785.74
TXN5002369,100020003146,2026-04-27 08:16:21,14897.36,DEBIT,D-Mart,36888.38
TXN5002370,100020003146,2026-05-05 21:06:07,25531.16,CREDIT,UPI Credit from Friend,62419.54
TXN5002371,100020003146,2026-05-14 04:51:23,439.22,DEBIT,ATM Cash Withdrawal,61980.32
TXN5002372,100020003146,2026-05-22 05:46:49,8586.53,CREDIT,Investment Dividend,70566.85
TXN5002373,100020003146,2026-05-31 14:00:22,7148.93,DEBIT,Amazon India,63417.92
TXN5002374,100020003146,2026-06-08 14:14:54,19300.85,CREDIT,FD Interest Credit,82718.77
TXN5002375,100020003146,2026-06-17 16:26:26,28961.4,CREDIT,Investment Dividend,111680.17
TXN5002376,100020003146,2026-06-25 15:18:20,20979.9,CREDIT,Salary Credit - ACME Corp,132660.07
TXN5002377,100020003146,2026-07-04 03:42:28,17616.88,DEBIT,Uber Rides,115043.19
TXN5002378,100020003146,2026-07-13 01:33:16,20773.26,DEBIT,Airtel Postpaid,94269.93
TXN5002379,100020003147,2026-01-22 07:35:35,9838.99,DEBIT,ATM Cash Withdrawal,154974.2
TXN5002380,100020003147,2026-02-06 19:50:11,8160.8,DEBIT,Electricity Bill Payment,146813.4
TXN5002381,100020003147,2026-02-21 23:08:36,11526.75,DEBIT,Flipkart,135286.65
TXN5002382,100020003147,2026-03-08 11:38:32,11837.87,DEBIT,D-Mart,123448.78
TXN5002383,100020003147,2026-03-23 15:36:31,10217.63,DEBIT,D-Mart,113231.15
TXN5002384,100020003147,2026-04-07 16:54:00,40457.09,CREDIT,UPI Credit from Friend,153688.24
TXN5002385,100020003147,2026-04-22 14:28:39,54839.25,CREDIT,FD Interest Credit,208527.49
TXN5002386,100020003147,2026-05-07 23:36:16,34468.01,CREDIT,Cash Deposit - CDM,242995.5
TXN5002387,100020003147,2026-05-23 04:42:15,5879.68,DEBIT,Reliance Fresh,237115.82
TXN5002388,100020003147,2026-06-06 16:44:35,7834.18,DEBIT,Swiggy,229281.64
TXN5002389,100020003147,2026-06-22 00:43:55,8058.79,CREDIT,UPI Credit from Friend,237340.43
TXN5002390,100020003147,2026-07-06 10:17:03,44912.31,CREDIT,Salary Credit - ACME Corp,282252.74
TXN5002391,100020003148,2026-01-22 14:58:35,39732.02,CREDIT,Cash Deposit - CDM,498516.14
TXN5002392,100020003148,2026-02-06 23:33:13,12386.1,DEBIT,Indian Oil Petrol Pump,486130.04
TXN5002393,100020003148,2026-02-21 12:46:29,3850.24,DEBIT,Reliance Fresh,482279.8
TXN5002394,100020003148,2026-03-08 21:50:08,21798.56,DEBIT,D-Mart,460481.24
TXN5002395,100020003148,2026-03-23 21:52:09,59807.49,CREDIT,Cash Deposit - CDM,520288.73
TXN5002396,100020003148,2026-04-07 17:17:43,18444.71,CREDIT,Investment Dividend,538733.44
TXN5002397,100020003148,2026-04-22 22:18:45,21480.46,DEBIT,Uber Rides,517252.98
TXN5002398,100020003148,2026-05-07 07:15:15,17511.46,DEBIT,Indian Oil Petrol Pump,499741.52
TXN5002399,100020003148,2026-05-22 08:21:16,13046.48,DEBIT,Flipkart,486695.04
TXN5002400,100020003148,2026-06-06 09:17:18,24300.72,DEBIT,Amazon India,462394.32
TXN5002401,100020003148,2026-06-22 02:33:06,15691.51,DEBIT,Electricity Bill Payment,446702.81
TXN5002402,100020003148,2026-07-06 16:59:32,41484.29,CREDIT,Investment Dividend,488187.1
TXN5002403,100020003149,2026-01-22 12:25:18,7426.17,DEBIT,BookMyShow,226384.87
TXN5002404,100020003149,2026-02-13 23:48:23,22249.67,DEBIT,Airtel Postpaid,204135.2
TXN5002405,100020003149,2026-03-08 20:54:18,13128.96,DEBIT,Zomato,191006.24
TXN5002406,100020003149,2026-03-31 12:34:02,28472.74,CREDIT,Cash Deposit - CDM,219478.98
TXN5002407,100020003149,2026-04-22 11:19:46,23411.44,DEBIT,Uber Rides,196067.54
TXN5002408,100020003149,2026-05-15 10:34:58,11015.1,CREDIT,Cash Deposit - CDM,207082.64
TXN5002409,100020003149,2026-06-06 22:27:42,8010.43,DEBIT,Swiggy,199072.21
TXN5002410,100020003149,2026-06-28 20:54:29,24426.71,DEBIT,D-Mart,174645.5
TXN5002411,100020003150,2026-01-22 10:04:56,11518.98,DEBIT,Flipkart,871387.03
TXN5002412,100020003150,2026-02-04 03:20:16,3995.68,DEBIT,Reliance Fresh,867391.35
TXN5002413,100020003150,2026-02-17 13:42:53,26526.85,CREDIT,Salary Credit - ACME Corp,893918.2
TXN5002414,100020003150,2026-03-02 17:16:59,20536.79,DEBIT,ATM Cash Withdrawal,873381.41
TXN5002415,100020003150,2026-03-15 01:48:48,28178.34,CREDIT,Investment Dividend,901559.75
TXN5002416,100020003150,2026-03-28 10:34:49,16075.82,DEBIT,Zomato,885483.93
TXN5002417,100020003150,2026-04-09 10:35:16,18293.39,DEBIT,D-Mart,867190.54
TXN5002418,100020003150,2026-04-22 09:34:46,3254.93,DEBIT,Electricity Bill Payment,863935.61
TXN5002419,100020003150,2026-05-05 15:58:00,25431.85,CREDIT,Cash Deposit - CDM,889367.46
TXN5002420,100020003150,2026-05-18 12:57:26,55557.65,CREDIT,Cash Deposit - CDM,944925.11
TXN5002421,100020003150,2026-05-31 11:03:29,4285.67,DEBIT,MakeMyTrip,940639.44
TXN5002422,100020003150,2026-06-12 21:08:58,23245.72,DEBIT,Airtel Postpaid,917393.72
TXN5002423,100020003150,2026-06-25 15:40:22,21877.89,DEBIT,Reliance Fresh,895515.83
TXN5002424,100020003150,2026-07-08 10:35:43,11136.14,CREDIT,Investment Dividend,906651.97
TXN5002425,100020003151,2026-01-22 21:15:21,12559.34,DEBIT,Flipkart,219912.1
TXN5002426,100020003151,2026-01-31 00:47:33,19370.6,DEBIT,Uber Rides,200541.5
TXN5002427,100020003151,2026-02-08 20:06:57,13097.44,DEBIT,Electricity Bill Payment,187444.06
TXN5002428,100020003151,2026-02-17 00:19:10,5426.09,DEBIT,Swiggy,182017.97
TXN5002429,100020003151,2026-02-26 10:50:55,53639.73,CREDIT,Investment Dividend,235657.7
TXN5002430,100020003151,2026-03-06 15:19:22,19745.23,DEBIT,BookMyShow,215912.47
TXN5002431,100020003151,2026-03-14 18:28:16,49254.82,CREDIT,UPI Credit from Friend,265167.29
TXN5002432,100020003151,2026-03-23 05:54:25,11705.29,DEBIT,BookMyShow,253462.0
TXN5002433,100020003151,2026-04-01 03:19:04,15462.66,DEBIT,Zomato,237999.34
TXN5002434,100020003151,2026-04-09 17:54:26,18715.95,DEBIT,Amazon India,219283.39
TXN5002435,100020003151,2026-04-18 03:08:33,4952.73,DEBIT,Airtel Postpaid,214330.66
TXN5002436,100020003151,2026-04-26 19:36:22,9284.8,DEBIT,D-Mart,205045.86
TXN5002437,100020003151,2026-05-05 13:56:17,6898.39,DEBIT,BookMyShow,198147.47
TXN5002438,100020003151,2026-05-13 22:11:03,1193.54,DEBIT,Uber Rides,196953.93
TXN5002439,100020003151,2026-05-22 22:12:07,1524.95,DEBIT,Airtel Postpaid,195428.98
TXN5002440,100020003151,2026-05-31 14:46:26,69640.54,CREDIT,Cash Deposit - CDM,265069.52
TXN5002441,100020003151,2026-06-08 23:54:07,11888.87,DEBIT,ATM Cash Withdrawal,253180.65
TXN5002442,100020003151,2026-06-17 13:59:01,2686.79,DEBIT,Reliance Fresh,250493.86
TXN5002443,100020003151,2026-06-25 12:50:56,12336.19,CREDIT,Client NEFT Payment,262830.05
TXN5002444,100020003151,2026-07-04 06:07:01,7129.02,CREDIT,Salary Credit - ACME Corp,269959.07
TXN5002445,100020003151,2026-07-12 16:55:50,1651.9,DEBIT,Flipkart,268307.17
TXN5002446,100020003152,2026-01-22 11:57:33,49477.79,CREDIT,Client NEFT Payment,907984.54
TXN5002447,100020003152,2026-01-29 10:30:00,63769.02,CREDIT,FD Interest Credit,971753.56
TXN5002448,100020003152,2026-02-06 12:26:43,24658.13,DEBIT,Uber Rides,947095.43
TXN5002449,100020003152,2026-02-13 18:21:47,23519.57,DEBIT,Indian Oil Petrol Pump,923575.86
TXN5002450,100020003152,2026-02-20 10:29:34,1630.94,DEBIT,Zomato,921944.92
TXN5002451,100020003152,2026-02-28 01:06:03,18251.03,DEBIT,Flipkart,903693.89
TXN5002452,100020003152,2026-03-06 14:14:30,15252.37,DEBIT,Uber Rides,888441.52
TXN5002453,100020003152,2026-03-14 03:01:51,18696.03,DEBIT,ATM Cash Withdrawal,869745.49
TXN5002454,100020003152,2026-03-21 18:17:09,14057.93,DEBIT,Flipkart,855687.56
TXN5002455,100020003152,2026-03-28 08:41:40,17437.68,DEBIT,Airtel Postpaid,838249.88
TXN5002456,100020003152,2026-04-05 03:37:35,22958.48,DEBIT,Swiggy,815291.4
TXN5002457,100020003152,2026-04-12 03:36:32,14819.6,DEBIT,Amazon India,800471.8
TXN5002458,100020003152,2026-04-19 09:18:04,17096.91,CREDIT,FD Interest Credit,817568.71
TXN5002459,100020003152,2026-04-26 06:44:53,70799.56,CREDIT,FD Interest Credit,888368.27
TXN5002460,100020003152,2026-05-03 20:35:42,22546.83,DEBIT,Zomato,865821.44
TXN5002461,100020003152,2026-05-10 23:14:15,23976.04,CREDIT,Investment Dividend,889797.48
TXN5002462,100020003152,2026-05-18 03:02:30,3596.61,DEBIT,Reliance Fresh,886200.87
TXN5002463,100020003152,2026-05-25 00:50:07,21187.16,CREDIT,UPI Credit from Friend,907388.03
TXN5002464,100020003152,2026-05-31 23:57:01,17469.2,DEBIT,D-Mart,889918.83
TXN5002465,100020003152,2026-06-08 02:43:03,9153.97,DEBIT,MakeMyTrip,880764.86
TXN5002466,100020003152,2026-06-15 20:42:13,15812.56,DEBIT,ATM Cash Withdrawal,864952.3
TXN5002467,100020003152,2026-06-22 14:11:28,44306.5,CREDIT,UPI Credit from Friend,909258.8
TXN5002468,100020003152,2026-06-30 03:48:38,17584.47,DEBIT,Reliance Fresh,891674.33
TXN5002469,100020003152,2026-07-07 11:12:14,7288.36,DEBIT,Reliance Fresh,884385.97
TXN5002470,100020003152,2026-07-14 17:17:29,20763.46,DEBIT,MakeMyTrip,863622.51
TXN5002471,100020003153,2026-01-22 07:28:40,20107.82,CREDIT,Investment Dividend,64918.91
TXN5002472,100020003153,2026-02-02 17:33:36,39260.21,CREDIT,Client NEFT Payment,104179.12
TXN5002473,100020003153,2026-02-13 21:46:26,14711.84,DEBIT,Reliance Fresh,89467.28
TXN5002474,100020003153,2026-02-25 12:49:49,22541.74,DEBIT,Reliance Fresh,66925.54
TXN5002475,100020003153,2026-03-08 22:07:50,21746.29,DEBIT,Amazon India,45179.25
TXN5002476,100020003153,2026-03-19 15:06:35,6150.57,DEBIT,Flipkart,39028.68
TXN5002477,100020003153,2026-03-30 21:47:25,2624.42,DEBIT,Electricity Bill Payment,36404.26
TXN5002478,100020003153,2026-04-11 03:46:03,11802.72,DEBIT,HP Fuel Station,24601.54
TXN5002479,100020003153,2026-04-22 19:32:44,7219.95,DEBIT,HP Fuel Station,17381.59
TXN5002480,100020003153,2026-05-04 07:19:05,2657.51,DEBIT,Reliance Fresh,14724.08
TXN5002481,100020003153,2026-05-15 04:52:52,332.33,DEBIT,Zomato,14391.75
TXN5002482,100020003153,2026-05-26 17:36:57,38515.1,CREDIT,Investment Dividend,52906.85
TXN5002483,100020003153,2026-06-06 15:31:16,12263.48,DEBIT,Airtel Postpaid,40643.37
TXN5002484,100020003153,2026-06-17 11:59:06,15002.79,DEBIT,Airtel Postpaid,25640.58
TXN5002485,100020003153,2026-06-29 16:27:55,15686.2,CREDIT,Cash Deposit - CDM,41326.78
TXN5002486,100020003153,2026-07-10 17:20:39,5573.84,DEBIT,Amazon India,35752.94
TXN5002487,100020003154,2026-01-22 12:43:20,60310.23,CREDIT,Investment Dividend,435203.73
TXN5002488,100020003154,2026-02-09 14:48:13,16499.35,DEBIT,Zomato,418704.38
TXN5002489,100020003154,2026-02-28 02:29:26,2101.34,DEBIT,Zomato,416603.04
TXN5002490,100020003154,2026-03-18 01:53:10,18130.95,DEBIT,Swiggy,398472.09
TXN5002491,100020003154,2026-04-04 21:43:58,28695.08,CREDIT,Investment Dividend,427167.17
TXN5002492,100020003154,2026-04-22 09:07:25,13790.74,DEBIT,Indian Oil Petrol Pump,413376.43
TXN5002493,100020003154,2026-05-10 22:04:14,50464.33,CREDIT,Investment Dividend,463840.76
TXN5002494,100020003154,2026-05-28 22:14:57,8091.04,CREDIT,UPI Credit from Friend,471931.8
TXN5002495,100020003154,2026-06-15 12:56:25,30591.38,CREDIT,FD Interest Credit,502523.18
TXN5002496,100020003154,2026-07-04 02:51:08,55047.54,CREDIT,Investment Dividend,557570.72
TXN5002497,100020003155,2026-01-22 18:07:07,16779.93,DEBIT,Airtel Postpaid,298423.46
TXN5002498,100020003155,2026-01-31 05:56:43,14183.84,CREDIT,UPI Credit from Friend,312607.3
TXN5002499,100020003155,2026-02-09 14:09:32,20598.63,DEBIT,Airtel Postpaid,292008.67
TXN5002500,100020003155,2026-02-18 19:40:47,2024.01,DEBIT,Zomato,289984.66
TXN5002501,100020003155,2026-02-27 08:36:49,5359.69,DEBIT,Indian Oil Petrol Pump,284624.97
TXN5002502,100020003155,2026-03-08 07:31:41,4578.9,DEBIT,Swiggy,280046.07
TXN5002503,100020003155,2026-03-17 12:08:20,20549.75,DEBIT,Amazon India,259496.32
TXN5002504,100020003155,2026-03-26 11:33:51,14284.33,CREDIT,Investment Dividend,273780.65
TXN5002505,100020003155,2026-04-04 21:40:33,35404.28,CREDIT,Salary Credit - ACME Corp,309184.93
TXN5002506,100020003155,2026-04-13 13:36:38,49534.28,CREDIT,Investment Dividend,358719.21
TXN5002507,100020003155,2026-04-23 00:35:06,8043.74,DEBIT,Airtel Postpaid,350675.47
TXN5002508,100020003155,2026-05-01 17:28:01,388.56,DEBIT,BookMyShow,350286.91
TXN5002509,100020003155,2026-05-11 04:20:16,19306.86,DEBIT,D-Mart,330980.05
TXN5002510,100020003155,2026-05-19 15:29:57,9580.92,CREDIT,Investment Dividend,340560.97
TXN5002511,100020003155,2026-05-28 17:20:57,53689.74,CREDIT,Cash Deposit - CDM,394250.71
TXN5002512,100020003155,2026-06-07 04:37:20,4553.11,DEBIT,Indian Oil Petrol Pump,389697.6
TXN5002513,100020003155,2026-06-15 18:03:39,16900.5,DEBIT,Swiggy,372797.1
TXN5002514,100020003155,2026-06-24 05:28:00,53359.79,CREDIT,FD Interest Credit,426156.89
TXN5002515,100020003155,2026-07-03 10:02:33,54844.53,CREDIT,Investment Dividend,481001.42
TXN5002516,100020003155,2026-07-12 15:44:13,1092.13,DEBIT,ATM Cash Withdrawal,479909.29
TXN5002517,100020003156,2026-01-22 16:20:45,15023.27,DEBIT,Reliance Fresh,117377.61
TXN5002518,100020003156,2026-01-30 07:10:54,7474.0,DEBIT,ATM Cash Withdrawal,109903.61
TXN5002519,100020003156,2026-02-06 21:31:00,7401.67,DEBIT,Indian Oil Petrol Pump,102501.94
TXN5002520,100020003156,2026-02-14 17:11:54,15935.97,DEBIT,Airtel Postpaid,86565.97
TXN5002521,100020003156,2026-02-22 15:17:04,40313.87,CREDIT,Investment Dividend,126879.84
TXN5002522,100020003156,2026-03-02 14:23:50,2454.86,DEBIT,Uber Rides,124424.98
TXN5002523,100020003156,2026-03-10 07:43:40,22328.65,DEBIT,Reliance Fresh,102096.33
TXN5002524,100020003156,2026-03-18 23:24:24,6178.11,DEBIT,ATM Cash Withdrawal,95918.22
TXN5002525,100020003156,2026-03-26 17:35:40,61715.94,CREDIT,Cash Deposit - CDM,157634.16
TXN5002526,100020003156,2026-04-03 02:44:12,9382.6,DEBIT,Swiggy,148251.56
TXN5002527,100020003156,2026-04-11 02:11:06,61123.26,CREDIT,Salary Credit - ACME Corp,209374.82
TXN5002528,100020003156,2026-04-18 16:33:09,6828.6,CREDIT,Client NEFT Payment,216203.42
TXN5002529,100020003156,2026-04-26 21:11:43,657.35,DEBIT,Uber Rides,215546.07
TXN5002530,100020003156,2026-05-04 05:12:12,22084.84,DEBIT,ATM Cash Withdrawal,193461.23
TXN5002531,100020003156,2026-05-12 16:45:40,59729.71,CREDIT,Cash Deposit - CDM,253190.94
TXN5002532,100020003156,2026-05-19 20:57:16,12899.59,DEBIT,ATM Cash Withdrawal,240291.35
TXN5002533,100020003156,2026-05-28 05:33:59,1315.9,DEBIT,Airtel Postpaid,238975.45
TXN5002534,100020003156,2026-06-04 17:41:36,33333.98,CREDIT,Client NEFT Payment,272309.43
TXN5002535,100020003156,2026-06-12 18:42:07,12588.92,DEBIT,Amazon India,259720.51
TXN5002536,100020003156,2026-06-20 12:30:23,51187.41,CREDIT,FD Interest Credit,310907.92
TXN5002537,100020003156,2026-06-27 17:56:34,19573.06,DEBIT,BookMyShow,291334.86
TXN5002538,100020003156,2026-07-05 16:45:43,15017.08,DEBIT,BookMyShow,276317.78
TXN5002539,100020003156,2026-07-13 17:06:34,550.02,DEBIT,Reliance Fresh,275767.76
TXN5002540,100020003157,2026-01-22 06:49:45,17829.64,DEBIT,ATM Cash Withdrawal,160881.15
TXN5002541,100020003157,2026-02-03 16:21:19,14921.25,DEBIT,Electricity Bill Payment,145959.9
TXN5002542,100020003157,2026-02-15 14:38:12,1929.97,CREDIT,FD Interest Credit,147889.87
TXN5002543,100020003157,2026-02-27 12:58:16,12231.62,CREDIT,Client NEFT Payment,160121.49
TXN5002544,100020003157,2026-03-11 17:16:30,4333.33,DEBIT,Indian Oil Petrol Pump,155788.16
TXN5002545,100020003157,2026-03-23 11:26:11,21322.06,DEBIT,Flipkart,134466.1
TXN5002546,100020003157,2026-04-04 20:27:11,8697.95,DEBIT,Zomato,125768.15
TXN5002547,100020003157,2026-04-16 23:15:07,7670.41,DEBIT,MakeMyTrip,118097.74
TXN5002548,100020003157,2026-04-28 12:52:04,836.16,DEBIT,Airtel Postpaid,117261.58
TXN5002549,100020003157,2026-05-10 19:20:18,14165.82,DEBIT,Indian Oil Petrol Pump,103095.76
TXN5002550,100020003157,2026-05-23 05:11:58,24336.59,DEBIT,Electricity Bill Payment,78759.17
TXN5002551,100020003157,2026-06-03 23:09:25,28771.04,CREDIT,Cash Deposit - CDM,107530.21
TXN5002552,100020003157,2026-06-15 08:27:38,21256.74,DEBIT,Flipkart,86273.47
TXN5002553,100020003157,2026-06-27 14:47:52,2854.76,DEBIT,D-Mart,83418.71
TXN5002554,100020003157,2026-07-09 09:35:12,19460.36,DEBIT,Uber Rides,63958.35
TXN5002555,100020003159,2026-01-22 18:30:05,5522.04,DEBIT,Airtel Postpaid,159630.38
TXN5002556,100020003159,2026-01-31 11:59:34,47640.4,CREDIT,Client NEFT Payment,207270.78
TXN5002557,100020003159,2026-02-10 02:32:02,57369.73,CREDIT,FD Interest Credit,264640.51
TXN5002558,100020003159,2026-02-18 17:21:18,5704.97,DEBIT,Indian Oil Petrol Pump,258935.54
TXN5002559,100020003159,2026-02-27 17:10:33,20670.85,DEBIT,HP Fuel Station,238264.69
TXN5002560,100020003159,2026-03-08 09:04:01,30604.02,CREDIT,Salary Credit - ACME Corp,268868.71
TXN5002561,100020003159,2026-03-17 18:05:01,11654.14,DEBIT,Swiggy,257214.57
TXN5002562,100020003159,2026-03-26 21:42:01,14545.93,DEBIT,Indian Oil Petrol Pump,242668.64
TXN5002563,100020003159,2026-04-05 04:40:54,15946.78,DEBIT,Airtel Postpaid,226721.86
TXN5002564,100020003159,2026-04-13 10:40:49,12633.7,DEBIT,Flipkart,214088.16
TXN5002565,100020003159,2026-04-22 19:41:22,70966.19,CREDIT,FD Interest Credit,285054.35
TXN5002566,100020003159,2026-05-01 19:56:07,15674.83,DEBIT,BookMyShow,269379.52
TXN5002567,100020003159,2026-05-10 07:28:58,18599.84,DEBIT,MakeMyTrip,250779.68
TXN5002568,100020003159,2026-05-19 20:59:55,21599.61,DEBIT,ATM Cash Withdrawal,229180.07
TXN5002569,100020003159,2026-05-29 03:13:00,18104.2,DEBIT,Zomato,211075.87
TXN5002570,100020003159,2026-06-06 09:30:17,69182.54,CREDIT,FD Interest Credit,280258.41
TXN5002571,100020003159,2026-06-15 08:29:00,869.15,DEBIT,Airtel Postpaid,279389.26
TXN5002572,100020003159,2026-06-24 16:22:05,15120.9,DEBIT,Zomato,264268.36
TXN5002573,100020003159,2026-07-04 00:25:18,38015.91,CREDIT,Salary Credit - ACME Corp,302284.27
TXN5002574,100020003159,2026-07-13 00:35:18,65534.32,CREDIT,UPI Credit from Friend,367818.59
TXN5002575,100020003160,2026-01-22 16:23:34,1509.37,CREDIT,Salary Credit - ACME Corp,81676.92
TXN5002576,100020003160,2026-02-03 21:40:06,13042.21,DEBIT,HP Fuel Station,68634.71
TXN5002577,100020003160,2026-02-16 01:59:30,10485.53,DEBIT,D-Mart,58149.18
TXN5002578,100020003160,2026-02-28 02:30:01,16677.57,DEBIT,Airtel Postpaid,41471.61
TXN5002579,100020003160,2026-03-11 20:49:47,491.11,DEBIT,HP Fuel Station,40980.5
TXN5002580,100020003160,2026-03-24 01:09:57,13323.77,DEBIT,ATM Cash Withdrawal,27656.73
TXN5002581,100020003160,2026-04-05 01:02:07,27889.62,CREDIT,Client NEFT Payment,55546.35
TXN5002582,100020003160,2026-04-17 03:33:25,9833.17,DEBIT,MakeMyTrip,45713.18
TXN5002583,100020003160,2026-04-28 08:16:37,4873.62,DEBIT,ATM Cash Withdrawal,40839.56
TXN5002584,100020003160,2026-05-10 19:12:55,54427.57,CREDIT,FD Interest Credit,95267.13
TXN5002585,100020003160,2026-05-22 15:12:33,22833.07,DEBIT,MakeMyTrip,72434.06
TXN5002586,100020003160,2026-06-03 16:52:55,8317.64,DEBIT,Uber Rides,64116.42
TXN5002587,100020003160,2026-06-15 07:04:39,37376.69,CREDIT,UPI Credit from Friend,101493.11
TXN5002588,100020003160,2026-06-27 23:28:02,17260.93,DEBIT,Reliance Fresh,84232.18
TXN5002589,100020003160,2026-07-10 00:11:48,14248.96,DEBIT,Airtel Postpaid,69983.22
